MntWines,MntFruits,MntMeatProducts,MntFishProducts,MntSweetProducts,MntGoldProds,Group
635.0,88.0,546.0,172.0,88.0,88.0,3
11.0,1.0,6.0,2.0,1.0,6.0,1
426.0,49.0,127.0,111.0,21.0,42.0,2
11.0,4.0,20.0,10.0,3.0,5.0,1
173.0,43.0,118.0,46.0,27.0,15.0,1
520.0,42.0,98.0,0.0,42.0,14.0,2
235.0,65.0,164.0,50.0,49.0,27.0,2
76.0,10.0,56.0,3.0,1.0,23.0,1
14.0,0.0,24.0,3.0,3.0,2.0,1
28.0,0.0,6.0,1.0,1.0,13.0,1
194.0,61.0,480.0,225.0,112.0,30.0,3
233.0,2.0,53.0,3.0,5.0,14.0,1
3.0,14.0,17.0,6.0,1.0,5.0,1
1006.0,22.0,115.0,59.0,68.0,45.0,2
53.0,5.0,19.0,2.0,13.0,4.0,1
84.0,5.0,38.0,150.0,12.0,28.0,1
1012.0,80.0,498.0,0.0,16.0,176.0,0
4.0,17.0,19.0,30.0,24.0,39.0,1
86.0,2.0,73.0,69.0,38.0,48.0,1
1.0,1.0,1725.0,1.0,1.0,1.0,2
867.0,0.0,86.0,0.0,0.0,19.0,2
384.0,0.0,102.0,21.0,32.0,5.0,1
270.0,3.0,27.0,39.0,6.0,99.0,0
6.0,4.0,25.0,15.0,12.0,13.0,1
173.0,4.0,30.0,3.0,6.0,41.0,1
36.0,2.0,42.0,20.0,21.0,10.0,1
8.0,4.0,10.0,2.0,2.0,4.0,1
112.0,17.0,44.0,34.0,22.0,89.0,1
110.0,0.0,5.0,2.0,0.0,3.0,1
96.0,12.0,96.0,33.0,22.0,43.0,1
482.0,34.0,471.0,119.0,68.0,22.0,2
40.0,0.0,19.0,2.0,1.0,3.0,1
702.0,17.0,151.0,0.0,8.0,35.0,2
6.0,3.0,14.0,15.0,7.0,36.0,1
55.0,0.0,6.0,2.0,0.0,4.0,1
437.0,8.0,206.0,160.0,49.0,42.0,2
421.0,76.0,536.0,82.0,178.0,102.0,3
13.0,1.0,29.0,3.0,0.0,7.0,1
9.0,0.0,6.0,3.0,1.0,3.0,1
3.0,1.0,10.0,3.0,2.0,12.0,1
123.0,164.0,266.0,227.0,30.0,174.0,3
13.0,6.0,15.0,3.0,5.0,13.0,1
826.0,50.0,317.0,50.0,38.0,38.0,2
245.0,19.0,125.0,37.0,67.0,14.0,1
650.0,37.0,780.0,27.0,167.0,32.0,3
510.0,120.0,550.0,156.0,40.0,241.0,3
328.0,9.0,124.0,12.0,24.0,109.0,0
984.0,51.0,432.0,180.0,120.0,190.0,3
295.0,35.0,482.0,121.0,120.0,40.0,3
13.0,0.0,8.0,2.0,1.0,5.0,1
447.0,0.0,28.0,0.0,0.0,43.0,1
712.0,26.0,538.0,69.0,13.0,80.0,2
452.0,18.0,102.0,16.0,18.0,6.0,1
523.0,7.0,134.0,37.0,14.0,169.0,0
398.0,40.0,367.0,119.0,122.0,30.0,3
1.0,3.0,6.0,3.0,6.0,15.0,1
10.0,0.0,1.0,0.0,0.0,0.0,1
688.0,14.0,309.0,201.0,24.0,38.0,2
247.0,49.0,159.0,7.0,82.0,109.0,0
856.0,59.0,487.0,58.0,29.0,73.0,2
496.0,36.0,460.0,189.0,60.0,12.0,3
258.0,107.0,291.0,84.0,37.0,86.0,3
565.0,6.0,65.0,0.0,6.0,19.0,1
14.0,10.0,13.0,4.0,15.0,9.0,1
2.0,1.0,6.0,2.0,1.0,1.0,1
721.0,111.0,925.0,97.0,18.0,18.0,2
1.0,0.0,5.0,0.0,3.0,9.0,1
577.0,0.0,64.0,0.0,0.0,51.0,1
64.0,4.0,68.0,7.0,5.0,17.0,1
4.0,1.0,5.0,2.0,0.0,4.0,1
25.0,5.0,19.0,7.0,0.0,23.0,1
112.0,17.0,44.0,34.0,22.0,89.0,1
163.0,23.0,424.0,27.0,65.0,76.0,2
17.0,8.0,14.0,10.0,4.0,3.0,1
130.0,0.0,16.0,0.0,0.0,5.0,1
292.0,6.0,37.0,0.0,3.0,34.0,1
350.0,60.0,568.0,110.0,133.0,145.0,3
135.0,9.0,39.0,4.0,0.0,7.0,1
15.0,2.0,10.0,0.0,1.0,4.0,1
27.0,2.0,14.0,0.0,0.0,0.0,1
5.0,3.0,11.0,12.0,5.0,9.0,1
505.0,0.0,26.0,0.0,0.0,75.0,1
51.0,2.0,7.0,0.0,1.0,2.0,1
207.0,26.0,447.0,75.0,0.0,223.0,0
386.0,172.0,183.0,185.0,132.0,111.0,3
562.0,81.0,276.0,80.0,40.0,81.0,2
217.0,76.0,690.0,50.0,26.0,38.0,2
1.0,3.0,6.0,10.0,0.0,9.0,1
144.0,1.0,32.0,2.0,1.0,7.0,1
295.0,106.0,271.0,75.0,98.0,65.0,3
76.0,3.0,31.0,4.0,4.0,27.0,1
454.0,194.0,106.0,31.0,22.0,43.0,3
425.0,115.0,292.0,23.0,35.0,79.0,2
1332.0,17.0,311.0,23.0,51.0,86.0,2
527.0,0.0,21.0,0.0,0.0,60.0,1
490.0,44.0,125.0,29.0,20.0,22.0,2
378.0,0.0,101.0,0.0,0.0,72.0,1
64.0,1.0,21.0,0.0,1.0,27.0,1
547.0,99.0,812.0,151.0,82.0,33.0,3
47.0,90.0,94.0,123.0,103.0,120.0,3
12.0,5.0,25.0,0.0,9.0,30.0,1
1.0,6.0,7.0,11.0,5.0,3.0,1
320.0,48.0,133.0,39.0,72.0,48.0,2
34.0,3.0,29.0,0.0,4.0,10.0,1
9.0,0.0,7.0,3.0,4.0,7.0,1
17.0,0.0,14.0,7.0,3.0,2.0,1
722.0,27.0,102.0,44.0,72.0,168.0,0
162.0,33.0,124.0,40.0,28.0,172.0,0
450.0,133.0,951.0,173.0,0.0,216.0,3
70.0,0.0,16.0,0.0,0.0,4.0,1
492.0,19.0,110.0,16.0,12.0,12.0,1
120.0,58.0,73.0,65.0,89.0,58.0,3
534.0,5.0,47.0,0.0,5.0,41.0,1
236.0,106.0,189.0,23.0,41.0,130.0,0
220.0,0.0,33.0,3.0,0.0,23.0,1
796.0,14.0,590.0,38.0,44.0,0.0,2
0.0,1.0,3.0,10.0,6.0,9.0,1
53.0,1.0,34.0,2.0,0.0,16.0,1
15.0,0.0,8.0,4.0,2.0,20.0,1
962.0,61.0,921.0,52.0,61.0,20.0,2
738.0,0.0,232.0,13.0,20.0,50.0,2
399.0,28.0,756.0,36.0,40.0,126.0,0
614.0,16.0,132.0,43.0,33.0,33.0,2
598.0,16.0,141.0,32.0,41.0,49.0,2
2.0,1.0,18.0,20.0,11.0,16.0,1
6.0,1.0,10.0,0.0,1.0,4.0,1
73.0,3.0,90.0,12.0,1.0,32.0,1
42.0,16.0,29.0,12.0,20.0,8.0,1
295.0,21.0,78.0,39.0,13.0,13.0,1
346.0,17.0,48.0,23.0,13.0,13.0,1
233.0,20.0,57.0,8.0,20.0,91.0,0
5.0,7.0,24.0,19.0,14.0,20.0,1
888.0,0.0,57.0,0.0,0.0,76.0,0
997.0,26.0,269.0,34.0,13.0,42.0,2
212.0,6.0,69.0,4.0,12.0,3.0,1
8.0,1.0,7.0,2.0,0.0,0.0,1
42.0,11.0,57.0,10.0,28.0,14.0,1
536.0,11.0,387.0,149.0,91.0,57.0,3
5.0,0.0,3.0,0.0,0.0,5.0,1
1349.0,16.0,249.0,43.0,16.0,33.0,2
53.0,3.0,49.0,7.0,4.0,5.0,1
1001.0,12.0,240.0,16.0,12.0,12.0,2
20.0,2.0,1582.0,1.0,2.0,1.0,2
18.0,1.0,32.0,6.0,3.0,28.0,1
125.0,16.0,98.0,134.0,21.0,27.0,1
212.0,5.0,33.0,7.0,0.0,2.0,1
277.0,162.0,305.0,173.0,76.0,124.0,3
15.0,10.0,19.0,8.0,17.0,20.0,1
7.0,3.0,10.0,8.0,1.0,7.0,1
12.0,4.0,6.0,11.0,8.0,16.0,1
85.0,7.0,24.0,2.0,3.0,27.0,1
81.0,0.0,6.0,0.0,0.0,6.0,1
59.0,0.0,12.0,0.0,0.0,48.0,1
1149.0,71.0,449.0,69.0,71.0,26.0,2
847.0,66.0,119.0,86.0,89.0,111.0,3
29.0,0.0,14.0,0.0,0.0,2.0,1
2.0,0.0,5.0,2.0,0.0,1.0,1
207.0,26.0,447.0,75.0,0.0,223.0,0
152.0,3.0,22.0,2.0,5.0,7.0,1
12.0,11.0,10.0,3.0,12.0,9.0,1
620.0,26.0,195.0,34.0,17.0,141.0,0
47.0,1.0,6.0,0.0,0.0,12.0,1
1.0,9.0,7.0,2.0,14.0,10.0,1
10.0,1.0,18.0,10.0,4.0,7.0,1
35.0,0.0,2.0,0.0,0.0,2.0,1
356.0,0.0,107.0,19.0,9.0,117.0,0
783.0,30.0,537.0,140.0,76.0,15.0,2
42.0,1.0,18.0,3.0,0.0,4.0,1
1.0,4.0,10.0,29.0,0.0,36.0,1
466.0,22.0,432.0,147.0,113.0,102.0,3
15.0,6.0,8.0,7.0,4.0,25.0,1
23.0,3.0,21.0,3.0,19.0,22.0,1
235.0,6.0,45.0,8.0,9.0,12.0,1
10.0,0.0,10.0,3.0,1.0,7.0,1
656.0,16.0,106.0,32.0,16.0,8.0,2
519.0,17.0,813.0,27.0,173.0,51.0,3
344.0,189.0,482.0,50.0,33.0,172.0,3
96.0,1.0,79.0,7.0,1.0,79.0,1
448.0,4.0,34.0,6.0,4.0,39.0,1
265.0,138.0,553.0,224.0,23.0,92.0,3
587.0,43.0,337.0,42.0,87.0,54.0,2
763.0,29.0,138.0,76.0,176.0,58.0,3
22.0,0.0,13.0,0.0,0.0,3.0,1
6.0,4.0,1.0,7.0,2.0,15.0,1
7.0,6.0,13.0,7.0,6.0,14.0,1
81.0,18.0,113.0,47.0,13.0,21.0,1
54.0,0.0,7.0,0.0,0.0,4.0,1
1170.0,48.0,320.0,42.0,32.0,192.0,0
72.0,24.0,68.0,65.0,4.0,8.0,1
613.0,22.0,319.0,33.0,102.0,12.0,2
224.0,0.0,30.0,0.0,0.0,10.0,1
410.0,0.0,59.0,19.0,9.0,44.0,1
239.0,10.0,554.0,254.0,87.0,54.0,3
171.0,7.0,171.0,25.0,19.0,89.0,0
12.0,0.0,4.0,0.0,0.0,1.0,1
1076.0,16.0,417.0,42.0,48.0,16.0,2
182.0,4.0,33.0,0.0,0.0,66.0,1
824.0,32.0,162.0,42.0,32.0,43.0,2
30.0,11.0,25.0,29.0,1.0,18.0,1
377.0,10.0,540.0,80.0,30.0,10.0,2
520.0,7.0,154.0,19.0,0.0,14.0,1
155.0,1.0,25.0,0.0,1.0,3.0,1
897.0,23.0,207.0,15.0,11.0,92.0,2
131.0,0.0,16.0,2.0,1.0,39.0,1
297.0,7.0,79.0,0.0,11.0,182.0,0
787.0,20.0,204.0,0.0,0.0,92.0,0
792.0,86.0,740.0,67.0,51.0,17.0,2
4.0,1.0,9.0,3.0,0.0,0.0,1
231.0,7.0,137.0,4.0,15.0,39.0,1
983.0,76.0,184.0,180.0,138.0,27.0,3
3.0,1.0,8.0,4.0,3.0,3.0,1
0.0,4.0,5.0,6.0,0.0,4.0,1
562.0,21.0,464.0,28.0,10.0,32.0,2
5.0,9.0,20.0,6.0,8.0,21.0,1
18.0,0.0,4.0,0.0,0.0,1.0,1
415.0,5.0,124.0,15.0,35.0,11.0,1
5.0,3.0,10.0,12.0,7.0,20.0,1
8.0,0.0,5.0,7.0,0.0,2.0,1
901.0,61.0,757.0,186.0,163.0,20.0,3
382.0,114.0,276.0,75.0,124.0,38.0,3
14.0,1.0,7.0,2.0,1.0,1.0,1
559.0,153.0,503.0,218.0,13.0,181.0,3
789.0,0.0,133.0,0.0,28.0,152.0,0
11.0,0.0,5.0,0.0,0.0,1.0,1
1218.0,16.0,272.0,104.0,0.0,80.0,2
925.0,64.0,179.0,133.0,12.0,77.0,2
864.0,134.0,768.0,150.0,38.0,172.0,3
960.0,28.0,183.0,220.0,70.0,70.0,3
16.0,3.0,25.0,6.0,1.0,13.0,1
3.0,3.0,7.0,0.0,2.0,11.0,1
168.0,148.0,444.0,32.0,172.0,148.0,3
45.0,47.0,52.0,21.0,20.0,25.0,1
650.0,28.0,353.0,45.0,42.0,30.0,2
24.0,0.0,8.0,0.0,0.0,1.0,1
918.0,21.0,118.0,13.0,10.0,21.0,2
138.0,33.0,87.0,28.0,24.0,12.0,1
12.0,4.0,2.0,10.0,6.0,10.0,1
11.0,0.0,4.0,0.0,0.0,2.0,1
1.0,2.0,8.0,4.0,3.0,13.0,1
554.0,41.0,215.0,11.0,0.0,24.0,2
167.0,2.0,62.0,24.0,13.0,7.0,1
9.0,0.0,6.0,4.0,1.0,5.0,1
177.0,2.0,71.0,3.0,2.0,20.0,1
38.0,4.0,22.0,4.0,2.0,20.0,1
483.0,84.0,398.0,205.0,84.0,241.0,3
77.0,2.0,35.0,0.0,1.0,69.0,1
182.0,74.0,298.0,162.0,149.0,116.0,3
10.0,7.0,19.0,8.0,2.0,21.0,1
778.0,44.0,499.0,95.0,73.0,146.0,3
16.0,7.0,23.0,0.0,8.0,6.0,1
167.0,0.0,43.0,6.0,2.0,13.0,1
13.0,2.0,14.0,8.0,7.0,4.0,1
33.0,6.0,40.0,3.0,7.0,10.0,1
625.0,7.0,99.0,10.0,22.0,7.0,1
216.0,162.0,224.0,101.0,92.0,162.0,3
68.0,129.0,396.0,188.0,22.0,15.0,3
196.0,0.0,512.0,33.0,130.0,54.0,2
635.0,15.0,100.0,20.0,7.0,131.0,0
4.0,19.0,9.0,28.0,25.0,17.0,1
297.0,7.0,79.0,0.0,11.0,182.0,0
84.0,5.0,38.0,150.0,12.0,28.0,1
204.0,7.0,149.0,20.0,15.0,66.0,1
26.0,0.0,8.0,0.0,0.0,3.0,1
15.0,6.0,20.0,4.0,5.0,20.0,1
304.0,98.0,230.0,150.0,74.0,74.0,3
285.0,28.0,242.0,55.0,114.0,135.0,0
395.0,183.0,565.0,166.0,141.0,28.0,3
248.0,3.0,81.0,4.0,3.0,51.0,1
20.0,6.0,5.0,0.0,9.0,12.0,1
39.0,0.0,56.0,20.0,8.0,14.0,1
777.0,129.0,573.0,216.0,21.0,203.0,3
8.0,3.0,22.0,21.0,1.0,13.0,1
9.0,1.0,3.0,0.0,4.0,8.0,1
1241.0,0.0,80.0,0.0,13.0,40.0,2
6.0,4.0,7.0,4.0,3.0,8.0,1
65.0,4.0,16.0,0.0,4.0,11.0,1
395.0,15.0,263.0,60.0,54.0,38.0,2
801.0,0.0,80.0,0.0,0.0,35.0,2
36.0,0.0,12.0,2.0,2.0,10.0,1
513.0,14.0,154.0,19.0,0.0,28.0,1
37.0,0.0,46.0,4.0,3.0,0.0,1
80.0,15.0,93.0,20.0,13.0,52.0,1
14.0,1.0,21.0,2.0,3.0,25.0,1
525.0,147.0,112.0,219.0,147.0,63.0,3
1.0,26.0,25.0,17.0,23.0,15.0,1
675.0,11.0,400.0,15.0,45.0,11.0,2
509.0,0.0,27.0,0.0,0.0,10.0,1
154.0,2.0,46.0,20.0,4.0,15.0,1
3.0,5.0,14.0,2.0,12.0,17.0,1
25.0,0.0,8.0,2.0,0.0,2.0,1
768.0,44.0,561.0,77.0,44.0,14.0,2
185.0,0.0,28.0,3.0,2.0,17.0,1
24.0,0.0,7.0,0.0,0.0,1.0,1
44.0,4.0,21.0,6.0,0.0,27.0,1
91.0,64.0,128.0,65.0,3.0,50.0,1
11.0,0.0,7.0,3.0,1.0,6.0,1
412.0,5.0,119.0,38.0,29.0,77.0,0
3.0,3.0,7.0,6.0,2.0,9.0,1
16.0,0.0,3.0,0.0,0.0,1.0,1
731.0,60.0,353.0,78.0,12.0,73.0,2
424.0,17.0,118.0,7.0,23.0,41.0,1
21.0,2.0,28.0,3.0,2.0,9.0,1
22.0,1.0,11.0,0.0,1.0,2.0,1
33.0,0.0,5.0,0.0,0.0,0.0,1
68.0,7.0,59.0,10.0,5.0,11.0,1
9.0,1.0,6.0,3.0,0.0,4.0,1
40.0,2.0,15.0,8.0,0.0,6.0,1
23.0,1.0,13.0,2.0,2.0,18.0,1
11.0,2.0,9.0,3.0,0.0,8.0,1
317.0,46.0,247.0,151.0,46.0,139.0,3
797.0,153.0,293.0,72.0,97.0,30.0,3
10.0,2.0,16.0,11.0,2.0,21.0,1
856.0,61.0,570.0,40.0,25.0,122.0,2
755.0,144.0,562.0,104.0,64.0,224.0,3
456.0,19.0,832.0,75.0,118.0,38.0,3
37.0,32.0,38.0,11.0,3.0,18.0,1
1103.0,0.0,45.0,0.0,0.0,34.0,2
378.0,14.0,68.0,19.0,14.0,14.0,1
1.0,6.0,7.0,0.0,1.0,3.0,1
204.0,34.0,204.0,172.0,153.0,173.0,3
30.0,0.0,9.0,0.0,0.0,3.0,1
189.0,104.0,379.0,111.0,189.0,218.0,3
15.0,0.0,12.0,7.0,3.0,7.0,1
9.0,0.0,3.0,0.0,0.0,4.0,1
495.0,33.0,255.0,11.0,33.0,8.0,2
656.0,80.0,455.0,52.0,107.0,93.0,3
452.0,20.0,514.0,13.0,30.0,0.0,2
546.0,91.0,410.0,119.0,0.0,22.0,2
1048.0,0.0,217.0,0.0,0.0,12.0,2
22.0,2.0,14.0,0.0,1.0,10.0,1
78.0,0.0,11.0,0.0,0.0,10.0,1
561.0,64.0,785.0,84.0,128.0,48.0,3
629.0,17.0,177.0,69.0,0.0,8.0,2
269.0,15.0,69.0,15.0,19.0,38.0,1
736.0,163.0,818.0,212.0,163.0,61.0,3
512.0,0.0,83.0,0.0,0.0,41.0,1
19.0,3.0,10.0,11.0,8.0,6.0,1
9.0,0.0,6.0,4.0,1.0,5.0,1
247.0,8.0,160.0,6.0,8.0,65.0,1
404.0,0.0,92.0,28.0,27.0,142.0,0
333.0,0.0,815.0,129.0,42.0,29.0,2
2.0,3.0,20.0,6.0,11.0,9.0,1
833.0,33.0,549.0,151.0,133.0,233.0,3
789.0,0.0,142.0,12.0,9.0,38.0,2
10.0,4.0,7.0,0.0,6.0,3.0,1
159.0,4.0,45.0,6.0,2.0,38.0,1
7.0,1.0,6.0,3.0,1.0,11.0,1
977.0,12.0,253.0,16.0,12.0,101.0,2
38.0,4.0,22.0,3.0,3.0,3.0,1
57.0,0.0,27.0,0.0,0.0,36.0,1
3.0,9.0,15.0,13.0,2.0,39.0,1
10.0,4.0,14.0,4.0,4.0,1.0,1
1043.0,24.0,97.0,32.0,24.0,157.0,0
3.0,9.0,13.0,2.0,12.0,12.0,1
11.0,0.0,5.0,0.0,0.0,1.0,1
3.0,6.0,5.0,0.0,2.0,6.0,1
43.0,12.0,96.0,78.0,40.0,55.0,1
73.0,3.0,90.0,12.0,1.0,32.0,1
12.0,0.0,1.0,0.0,0.0,6.0,1
4.0,7.0,7.0,6.0,4.0,13.0,1
314.0,11.0,53.0,4.0,3.0,107.0,0
571.0,50.0,142.0,33.0,50.0,159.0,0
70.0,0.0,11.0,2.0,8.0,23.0,1
866.0,21.0,151.0,28.0,21.0,86.0,2
594.0,134.0,786.0,33.0,134.0,57.0,3
140.0,4.0,61.0,0.0,13.0,4.0,1
375.0,152.0,335.0,93.0,91.0,81.0,3
102.0,9.0,63.0,2.0,9.0,24.0,1
554.0,35.0,113.0,0.0,7.0,78.0,0
919.0,0.0,505.0,99.0,30.0,45.0,2
96.0,1.0,42.0,12.0,3.0,32.0,1
5.0,2.0,16.0,3.0,2.0,19.0,1
2.0,0.0,6.0,8.0,6.0,5.0,1
6.0,4.0,9.0,6.0,36.0,35.0,1
23.0,1.0,25.0,0.0,8.0,7.0,1
610.0,105.0,125.0,137.0,42.0,21.0,3
67.0,5.0,61.0,3.0,8.0,19.0,1
65.0,36.0,74.0,38.0,20.0,110.0,0
416.0,0.0,26.0,0.0,0.0,4.0,1
23.0,0.0,11.0,3.0,2.0,2.0,1
19.0,3.0,26.0,10.0,9.0,3.0,1
155.0,7.0,80.0,13.0,7.0,10.0,1
14.0,0.0,24.0,3.0,3.0,2.0,1
370.0,9.0,92.0,6.0,9.0,4.0,1
4.0,22.0,11.0,3.0,7.0,32.0,1
407.0,53.0,221.0,58.0,150.0,26.0,3
1200.0,0.0,204.0,38.0,29.0,14.0,2
85.0,44.0,54.0,102.0,78.0,6.0,1
583.0,34.0,309.0,0.0,22.0,125.0,0
483.0,0.0,591.0,156.0,0.0,12.0,2
2.0,5.0,9.0,28.0,6.0,28.0,1
966.0,26.0,282.0,52.0,26.0,26.0,2
822.0,114.0,108.0,179.0,137.0,114.0,3
604.0,0.0,100.0,19.0,0.0,28.0,1
19.0,3.0,19.0,3.0,1.0,3.0,1
5.0,3.0,11.0,12.0,5.0,9.0,1
2.0,2.0,2.0,2.0,1.0,1.0,1
1076.0,68.0,103.0,29.0,91.0,68.0,2
1285.0,42.0,716.0,55.0,0.0,21.0,2
10.0,0.0,7.0,2.0,0.0,1.0,1
551.0,137.0,792.0,179.0,103.0,33.0,3
800.0,0.0,297.0,0.0,34.0,57.0,2
2.0,2.0,11.0,10.0,6.0,12.0,1
378.0,0.0,189.0,97.0,172.0,172.0,3
1248.0,16.0,349.0,43.0,16.0,16.0,2
235.0,0.0,235.0,19.0,4.0,191.0,0
515.0,47.0,181.0,149.0,95.0,95.0,3
438.0,66.0,400.0,12.0,38.0,114.0,0
25.0,0.0,22.0,2.0,3.0,5.0,1
31.0,0.0,7.0,2.0,0.0,6.0,1
357.0,35.0,271.0,28.0,28.0,14.0,2
400.0,4.0,35.0,6.0,0.0,22.0,1
99.0,0.0,15.0,2.0,1.0,5.0,1
1.0,11.0,5.0,4.0,6.0,9.0,1
5.0,4.0,13.0,8.0,0.0,4.0,1
77.0,28.0,31.0,16.0,0.0,4.0,1
3.0,1.0,2.0,4.0,3.0,1.0,1
10.0,4.0,14.0,4.0,4.0,1.0,1
0.0,6.0,3.0,7.0,6.0,12.0,1
0.0,0.0,1.0,2.0,12.0,5.0,1
76.0,14.0,74.0,13.0,5.0,10.0,1
398.0,190.0,537.0,61.0,156.0,37.0,3
14.0,7.0,11.0,11.0,0.0,5.0,1
208.0,7.0,82.0,30.0,66.0,35.0,1
430.0,16.0,322.0,43.0,24.0,33.0,2
656.0,38.0,161.0,62.0,47.0,37.0,2
14.0,2.0,30.0,8.0,2.0,3.0,1
141.0,70.0,106.0,72.0,19.0,23.0,1
507.0,19.0,364.0,25.0,47.0,9.0,2
164.0,24.0,103.0,12.0,3.0,42.0,1
606.0,24.0,974.0,197.0,194.0,64.0,3
116.0,11.0,72.0,3.0,17.0,46.0,1
143.0,15.0,60.0,24.0,23.0,5.0,1
398.0,96.0,447.0,220.0,96.0,32.0,3
522.0,0.0,257.0,32.0,16.0,66.0,2
161.0,0.0,253.0,199.0,191.0,122.0,3
112.0,0.0,6.0,2.0,1.0,14.0,1
483.0,84.0,398.0,205.0,84.0,241.0,3
7.0,5.0,39.0,17.0,15.0,37.0,1
789.0,25.0,420.0,16.0,38.0,0.0,2
1239.0,17.0,413.0,23.0,34.0,17.0,2
4.0,1.0,5.0,2.0,0.0,3.0,1
335.0,42.0,127.0,28.0,5.0,5.0,1
639.0,8.0,166.0,11.0,8.0,58.0,2
563.0,76.0,384.0,84.0,192.0,89.0,3
2.0,0.0,8.0,2.0,2.0,3.0,1
746.0,8.0,125.0,11.0,8.0,8.0,2
22.0,1.0,13.0,4.0,0.0,4.0,1
4.0,1.0,6.0,4.0,1.0,9.0,1
478.0,0.0,193.0,110.0,75.0,117.0,0
20.0,3.0,4.0,2.0,0.0,2.0,1
451.0,0.0,39.0,0.0,4.0,24.0,1
371.0,22.0,39.0,6.0,0.0,92.0,0
281.0,7.0,84.0,15.0,0.0,119.0,0
19.0,7.0,19.0,0.0,1.0,24.0,1
26.0,3.0,13.0,2.0,10.0,0.0,1
138.0,15.0,35.0,25.0,11.0,72.0,1
213.0,2.0,44.0,0.0,2.0,5.0,1
407.0,28.0,100.0,120.0,74.0,18.0,2
483.0,74.0,114.0,169.0,37.0,18.0,3
738.0,0.0,232.0,13.0,20.0,50.0,2
502.0,12.0,109.0,16.0,6.0,90.0,0
11.0,0.0,5.0,2.0,1.0,1.0,1
24.0,1.0,108.0,29.0,29.0,14.0,1
1170.0,19.0,594.0,99.0,76.0,134.0,2
185.0,2.0,88.0,15.0,5.0,14.0,1
983.0,20.0,389.0,240.0,50.0,40.0,3
691.0,0.0,69.0,10.0,0.0,130.0,0
504.0,13.0,131.0,8.0,0.0,26.0,1
317.0,25.0,265.0,25.0,19.0,12.0,1
29.0,1.0,9.0,2.0,0.0,2.0,1
1396.0,0.0,322.0,46.0,35.0,17.0,2
529.0,0.0,356.0,63.0,28.0,0.0,2
388.0,14.0,218.0,91.0,14.0,21.0,2
13.0,2.0,21.0,4.0,0.0,24.0,1
28.0,0.0,4.0,0.0,0.0,0.0,1
16.0,36.0,21.0,20.0,62.0,108.0,0
1047.0,0.0,140.0,67.0,38.0,153.0,0
31.0,0.0,7.0,2.0,0.0,6.0,1
815.0,10.0,239.0,28.0,10.0,108.0,0
225.0,162.0,387.0,106.0,36.0,29.0,3
493.0,70.0,324.0,146.0,40.0,84.0,3
34.0,4.0,66.0,3.0,10.0,20.0,1
382.0,138.0,65.0,60.0,26.0,59.0,3
127.0,1.0,56.0,0.0,1.0,31.0,1
325.0,83.0,300.0,86.0,58.0,91.0,3
238.0,17.0,68.0,8.0,10.0,6.0,1
1168.0,92.0,408.0,72.0,129.0,55.0,3
284.0,0.0,55.0,0.0,6.0,52.0,1
1288.0,20.0,613.0,80.0,61.0,27.0,2
65.0,0.0,46.0,4.0,3.0,20.0,1
11.0,7.0,9.0,3.0,1.0,11.0,1
227.0,23.0,389.0,42.0,21.0,75.0,2
1035.0,134.0,670.0,25.0,38.0,0.0,2
27.0,1.0,12.0,2.0,0.0,10.0,1
982.0,73.0,351.0,56.0,14.0,175.0,0
179.0,2.0,64.0,38.0,17.0,58.0,1
1379.0,33.0,216.0,0.0,33.0,66.0,2
32.0,1.0,64.0,16.0,12.0,85.0,1
8.0,4.0,15.0,7.0,6.0,2.0,1
881.0,38.0,319.0,16.0,25.0,12.0,2
141.0,15.0,153.0,67.0,31.0,35.0,1
1000.0,155.0,379.0,224.0,17.0,120.0,3
206.0,10.0,67.0,30.0,27.0,71.0,1
162.0,61.0,83.0,97.0,57.0,61.0,3
619.0,54.0,260.0,127.0,54.0,54.0,2
456.0,4.0,24.0,0.0,0.0,9.0,1
112.0,6.0,92.0,3.0,9.0,38.0,1
11.0,3.0,22.0,2.0,2.0,6.0,1
172.0,12.0,112.0,8.0,0.0,15.0,1
78.0,0.0,11.0,0.0,0.0,7.0,1
464.0,151.0,292.0,65.0,60.0,30.0,3
99.0,4.0,32.0,37.0,54.0,6.0,1
19.0,3.0,19.0,4.0,5.0,26.0,1
1.0,9.0,8.0,11.0,3.0,22.0,1
63.0,10.0,83.0,7.0,19.0,19.0,1
252.0,3.0,42.0,4.0,3.0,102.0,0
1478.0,19.0,403.0,0.0,19.0,0.0,2
198.0,18.0,252.0,32.0,108.0,54.0,2
8.0,4.0,10.0,6.0,7.0,6.0,1
416.0,46.0,925.0,60.0,107.0,46.0,3
42.0,7.0,43.0,20.0,12.0,10.0,1
14.0,3.0,21.0,2.0,1.0,28.0,1
17.0,0.0,3.0,0.0,0.0,1.0,1
15.0,4.0,10.0,3.0,4.0,18.0,1
6.0,16.0,24.0,11.0,0.0,34.0,1
458.0,0.0,24.0,6.0,4.0,34.0,1
30.0,3.0,47.0,19.0,21.0,42.0,1
179.0,28.0,520.0,111.0,123.0,47.0,3
90.0,17.0,97.0,15.0,6.0,15.0,1
308.0,85.0,137.0,102.0,45.0,118.0,3
557.0,129.0,761.0,29.0,185.0,111.0,3
7.0,4.0,13.0,15.0,8.0,17.0,1
1492.0,38.0,287.0,50.0,57.0,33.0,2
30.0,8.0,12.0,8.0,8.0,12.0,1
249.0,153.0,940.0,58.0,134.0,38.0,3
465.0,25.0,132.0,136.0,0.0,37.0,2
129.0,129.0,259.0,168.0,121.0,83.0,3
174.0,18.0,81.0,28.0,6.0,24.0,1
189.0,2.0,29.0,3.0,2.0,40.0,1
747.0,10.0,161.0,65.0,40.0,42.0,2
6.0,0.0,2.0,2.0,0.0,1.0,1
14.0,0.0,3.0,0.0,0.0,4.0,1
12.0,0.0,4.0,0.0,0.0,1.0,1
98.0,0.0,106.0,49.0,10.0,106.0,0
32.0,0.0,5.0,0.0,0.0,1.0,1
51.0,12.0,49.0,17.0,24.0,24.0,1
200.0,5.0,44.0,0.0,10.0,20.0,1
25.0,6.0,25.0,6.0,0.0,0.0,1
1050.0,12.0,144.0,0.0,0.0,24.0,2
117.0,0.0,22.0,13.0,0.0,30.0,1
9.0,4.0,17.0,10.0,2.0,7.0,1
56.0,0.0,11.0,0.0,0.0,8.0,1
145.0,13.0,46.0,17.0,2.0,4.0,1
203.0,0.0,10.0,0.0,0.0,2.0,1
270.0,3.0,27.0,39.0,6.0,99.0,0
9.0,0.0,16.0,6.0,6.0,10.0,1
37.0,12.0,23.0,8.0,11.0,52.0,1
46.0,0.0,7.0,0.0,0.0,2.0,1
31.0,1.0,13.0,7.0,2.0,9.0,1
1060.0,21.0,530.0,32.0,0.0,224.0,0
264.0,47.0,188.0,54.0,47.0,11.0,2
399.0,4.0,30.0,6.0,4.0,30.0,1
8.0,9.0,9.0,2.0,5.0,22.0,1
19.0,0.0,35.0,6.0,4.0,17.0,1
817.0,183.0,797.0,106.0,163.0,20.0,3
292.0,127.0,635.0,132.0,127.0,165.0,3
12.0,6.0,2.0,11.0,2.0,16.0,1
130.0,30.0,168.0,20.0,34.0,0.0,1
6.0,4.0,16.0,3.0,10.0,30.0,1
16.0,12.0,18.0,7.0,1.0,13.0,1
19.0,0.0,9.0,0.0,0.0,2.0,1
4.0,7.0,15.0,13.0,9.0,15.0,1
31.0,3.0,31.0,2.0,8.0,4.0,1
36.0,0.0,2.0,0.0,0.0,4.0,1
526.0,28.0,135.0,10.0,21.0,99.0,0
400.0,32.0,519.0,71.0,75.0,54.0,2
410.0,16.0,114.0,0.0,5.0,49.0,1
80.0,3.0,26.0,4.0,2.0,14.0,1
88.0,10.0,46.0,2.0,3.0,64.0,1
55.0,0.0,6.0,2.0,0.0,4.0,1
5.0,1.0,13.0,3.0,5.0,1.0,1
8.0,4.0,5.0,15.0,2.0,11.0,1
410.0,0.0,592.0,147.0,22.0,22.0,2
101.0,13.0,76.0,20.0,18.0,40.0,1
162.0,25.0,53.0,16.0,0.0,10.0,1
2.0,8.0,1.0,4.0,7.0,15.0,1
25.0,0.0,8.0,2.0,0.0,2.0,1
389.0,91.0,248.0,64.0,49.0,41.0,2
215.0,13.0,87.0,17.0,17.0,24.0,1
27.0,0.0,5.0,0.0,0.0,3.0,1
85.0,1.0,16.0,2.0,1.0,2.0,1
5.0,6.0,10.0,6.0,5.0,10.0,1
179.0,8.0,83.0,19.0,11.0,26.0,1
352.0,0.0,27.0,10.0,0.0,15.0,1
17.0,8.0,12.0,11.0,15.0,32.0,1
625.0,35.0,169.0,58.0,17.0,35.0,2
10.0,6.0,11.0,0.0,4.0,2.0,1
390.0,22.0,323.0,104.0,35.0,107.0,0
10.0,2.0,15.0,2.0,1.0,6.0,1
215.0,63.0,507.0,231.0,31.0,190.0,3
1001.0,17.0,572.0,93.0,125.0,17.0,2
19.0,18.0,33.0,24.0,1.0,8.0,1
41.0,5.0,129.0,10.0,3.0,3.0,1
1181.0,107.0,199.0,39.0,30.0,30.0,2
603.0,45.0,207.0,36.0,18.0,54.0,2
129.0,129.0,259.0,168.0,121.0,83.0,3
10.0,24.0,15.0,13.0,1.0,30.0,1
514.0,22.0,732.0,42.0,198.0,79.0,3
14.0,0.0,1.0,0.0,0.0,1.0,1
387.0,20.0,713.0,38.0,54.0,163.0,0
121.0,103.0,69.0,8.0,44.0,48.0,1
965.0,69.0,279.0,54.0,41.0,69.0,2
707.0,21.0,250.0,85.0,43.0,73.0,2
571.0,50.0,142.0,33.0,50.0,159.0,0
586.0,66.0,653.0,17.0,0.0,26.0,2
1063.0,89.0,102.0,16.0,12.0,25.0,2
305.0,3.0,27.0,4.0,3.0,144.0,0
1200.0,105.0,758.0,0.0,42.0,147.0,2
163.0,2.0,40.0,8.0,11.0,11.0,1
1009.0,181.0,104.0,202.0,21.0,207.0,3
125.0,6.0,73.0,8.0,4.0,19.0,1
721.0,0.0,152.0,119.0,50.0,50.0,2
315.0,4.0,62.0,41.0,31.0,146.0,0
1000.0,19.0,711.0,125.0,115.0,38.0,3
16.0,0.0,17.0,6.0,3.0,6.0,1
757.0,80.0,217.0,29.0,80.0,11.0,2
30.0,2.0,25.0,0.0,1.0,9.0,1
219.0,3.0,100.0,26.0,0.0,17.0,1
1.0,1.0,1.0,1.0,1.0,1.0,1
111.0,3.0,28.0,2.0,6.0,15.0,1
45.0,47.0,52.0,21.0,20.0,25.0,1
410.0,112.0,420.0,0.0,82.0,71.0,3
100.0,1.0,39.0,6.0,1.0,76.0,1
509.0,0.0,65.0,7.0,11.0,5.0,1
3.0,6.0,5.0,0.0,2.0,6.0,1
445.0,53.0,213.0,104.0,98.0,151.0,3
2.0,2.0,11.0,41.0,7.0,11.0,1
4.0,1.0,11.0,6.0,2.0,2.0,1
6.0,1.0,7.0,23.0,4.0,19.0,1
14.0,0.0,3.0,0.0,0.0,3.0,1
1.0,10.0,11.0,19.0,3.0,15.0,1
26.0,0.0,6.0,0.0,0.0,2.0,1
111.0,16.0,37.0,7.0,9.0,18.0,1
418.0,61.0,428.0,80.0,51.0,10.0,2
327.0,9.0,122.0,19.0,14.0,83.0,0
371.0,159.0,194.0,58.0,106.0,141.0,3
275.0,59.0,107.0,69.0,101.0,59.0,3
789.0,0.0,142.0,12.0,9.0,38.0,2
1.0,1.0,5.0,0.0,3.0,1.0,1
1004.0,12.0,145.0,32.0,12.0,36.0,2
187.0,81.0,149.0,25.0,43.0,91.0,0
56.0,4.0,76.0,17.0,1.0,18.0,1
365.0,32.0,117.0,34.0,110.0,6.0,2
595.0,23.0,123.0,10.0,23.0,154.0,0
1132.0,134.0,384.0,175.0,134.0,115.0,3
34.0,11.0,137.0,179.0,61.0,45.0,3
116.0,6.0,82.0,6.0,6.0,41.0,1
565.0,32.0,435.0,28.0,32.0,54.0,2
372.0,18.0,126.0,47.0,48.0,78.0,0
899.0,102.0,838.0,133.0,102.0,40.0,3
55.0,16.0,1622.0,17.0,3.0,4.0,2
760.0,40.0,480.0,0.0,40.0,26.0,2
260.0,86.0,559.0,63.0,9.0,67.0,2
459.0,0.0,24.0,6.0,0.0,4.0,1
466.0,0.0,224.0,119.0,49.0,99.0,0
67.0,15.0,80.0,17.0,11.0,80.0,1
2.0,0.0,7.0,3.0,7.0,10.0,1
67.0,1.0,20.0,0.0,2.0,31.0,1
92.0,4.0,18.0,3.0,3.0,6.0,1
4.0,2.0,11.0,2.0,0.0,4.0,1
20.0,1.0,28.0,3.0,3.0,2.0,1
273.0,11.0,178.0,62.0,83.0,29.0,2
434.0,22.0,388.0,104.0,22.0,34.0,2
321.0,11.0,309.0,33.0,26.0,34.0,2
212.0,123.0,177.0,15.0,64.0,23.0,2
909.0,12.0,278.0,0.0,12.0,242.0,0
1184.0,32.0,352.0,21.0,16.0,16.0,2
112.0,19.0,21.0,16.0,14.0,5.0,1
656.0,80.0,455.0,52.0,107.0,93.0,3
23.0,0.0,8.0,6.0,2.0,18.0,1
537.0,6.0,42.0,16.0,6.0,30.0,1
712.0,0.0,45.0,0.0,0.0,191.0,0
23.0,1.0,13.0,2.0,2.0,18.0,1
1.0,3.0,4.0,2.0,2.0,6.0,1
664.0,58.0,83.0,32.0,0.0,66.0,2
6.0,10.0,21.0,19.0,14.0,42.0,1
299.0,5.0,201.0,21.0,21.0,49.0,1
99.0,13.0,66.0,43.0,8.0,4.0,1
749.0,40.0,294.0,121.0,160.0,147.0,3
345.0,25.0,501.0,63.0,138.0,80.0,3
9.0,4.0,18.0,7.0,5.0,5.0,1
440.0,81.0,368.0,0.0,122.0,174.0,3
8.0,2.0,5.0,3.0,0.0,3.0,1
670.0,9.0,249.0,0.0,28.0,9.0,2
524.0,0.0,134.0,28.0,28.0,155.0,0
6.0,0.0,6.0,2.0,1.0,1.0,1
597.0,166.0,597.0,172.0,166.0,249.0,3
7.0,0.0,12.0,13.0,7.0,32.0,1
54.0,0.0,7.0,0.0,0.0,4.0,1
445.0,25.0,706.0,80.0,76.0,48.0,2
294.0,142.0,218.0,164.0,58.0,151.0,3
292.0,3.0,77.0,10.0,3.0,26.0,1
412.0,22.0,132.0,59.0,28.0,183.0,0
8.0,0.0,3.0,0.0,0.0,0.0,1
349.0,4.0,78.0,6.0,0.0,43.0,1
328.0,9.0,124.0,12.0,24.0,109.0,0
144.0,2.0,99.0,7.0,2.0,30.0,1
1126.0,28.0,211.0,37.0,28.0,42.0,2
967.0,0.0,617.0,43.0,50.0,0.0,2
432.0,79.0,341.0,177.0,136.0,170.0,3
138.0,39.0,63.0,55.0,18.0,21.0,1
0.0,0.0,1.0,7.0,4.0,6.0,1
509.0,133.0,497.0,78.0,24.0,97.0,3
948.0,10.0,86.0,13.0,21.0,21.0,2
39.0,2.0,25.0,4.0,3.0,24.0,1
28.0,1.0,21.0,3.0,0.0,10.0,1
13.0,11.0,24.0,13.0,8.0,40.0,1
307.0,26.0,360.0,138.0,31.0,40.0,2
901.0,31.0,345.0,75.0,31.0,191.0,0
2.0,5.0,12.0,4.0,8.0,7.0,1
283.0,17.0,372.0,138.0,106.0,44.0,3
4.0,3.0,7.0,0.0,3.0,11.0,1
769.0,80.0,252.0,15.0,34.0,65.0,2
518.0,42.0,742.0,55.0,56.0,84.0,2
350.0,8.0,66.0,17.0,4.0,4.0,1
445.0,53.0,213.0,104.0,98.0,151.0,3
778.0,178.0,689.0,41.0,27.0,44.0,3
709.0,93.0,374.0,104.0,80.0,80.0,3
359.0,35.0,314.0,93.0,116.0,89.0,3
799.0,12.0,375.0,16.0,12.0,12.0,2
895.0,10.0,101.0,13.0,0.0,152.0,0
40.0,2.0,23.0,0.0,4.0,23.0,1
76.0,0.0,7.0,0.0,0.0,16.0,1
11.0,5.0,22.0,12.0,5.0,11.0,1
245.0,16.0,223.0,21.0,43.0,16.0,1
647.0,107.0,391.0,175.0,67.0,40.0,3
39.0,1.0,9.0,2.0,1.0,34.0,1
203.0,35.0,305.0,46.0,17.0,227.0,0
138.0,3.0,38.0,4.0,0.0,59.0,1
587.0,51.0,898.0,247.0,0.0,86.0,3
595.0,97.0,291.0,127.0,133.0,121.0,3
43.0,12.0,23.0,29.0,15.0,61.0,1
301.0,7.0,74.0,10.0,0.0,58.0,1
180.0,32.0,348.0,76.0,32.0,90.0,0
794.0,115.0,243.0,150.0,0.0,205.0,0
392.0,5.0,91.0,28.0,26.0,112.0,0
39.0,1.0,22.0,3.0,4.0,12.0,1
107.0,2.0,12.0,2.0,2.0,12.0,1
13.0,0.0,3.0,0.0,0.0,0.0,1
70.0,0.0,17.0,0.0,0.0,6.0,1
680.0,11.0,392.0,75.0,0.0,0.0,2
26.0,1.0,11.0,0.0,1.0,4.0,1
522.0,0.0,522.0,227.0,120.0,134.0,3
412.0,12.0,546.0,78.0,182.0,0.0,3
6.0,5.0,5.0,8.0,0.0,5.0,1
2.0,3.0,6.0,4.0,1.0,9.0,1
1.0,3.0,8.0,2.0,5.0,5.0,1
6.0,2.0,15.0,6.0,6.0,3.0,1
4.0,12.0,5.0,3.0,16.0,17.0,1
18.0,2.0,19.0,0.0,2.0,6.0,1
324.0,48.0,186.0,39.0,18.0,198.0,0
327.0,9.0,125.0,25.0,4.0,139.0,0
229.0,27.0,71.0,13.0,3.0,34.0,1
521.0,168.0,706.0,80.0,76.0,61.0,3
184.0,23.0,446.0,30.0,23.0,23.0,2
4.0,8.0,11.0,12.0,2.0,13.0,1
183.0,2.0,64.0,7.0,2.0,12.0,1
31.0,19.0,35.0,26.0,14.0,52.0,1
219.0,3.0,60.0,12.0,9.0,12.0,1
479.0,28.0,136.0,75.0,14.0,35.0,2
584.0,44.0,212.0,46.0,8.0,177.0,0
627.0,91.0,597.0,159.0,91.0,15.0,3
24.0,1.0,16.0,12.0,2.0,5.0,1
330.0,5.0,159.0,36.0,27.0,16.0,1
19.0,1.0,10.0,2.0,1.0,8.0,1
28.0,23.0,29.0,29.0,14.0,47.0,1
606.0,148.0,228.0,15.0,148.0,22.0,3
1039.0,43.0,204.0,153.0,58.0,29.0,2
411.0,0.0,26.0,0.0,0.0,21.0,1
34.0,1.0,19.0,2.0,7.0,0.0,1
161.0,28.0,136.0,32.0,3.0,45.0,1
623.0,53.0,178.0,23.0,17.0,133.0,0
604.0,26.0,470.0,123.0,161.0,94.0,3
3.0,10.0,8.0,3.0,16.0,32.0,1
12.0,2.0,17.0,6.0,1.0,10.0,1
184.0,174.0,256.0,50.0,30.0,32.0,3
393.0,0.0,239.0,90.0,69.0,69.0,2
410.0,73.0,747.0,76.0,161.0,30.0,3
376.0,9.0,83.0,19.0,4.0,4.0,1
7.0,2.0,4.0,2.0,1.0,4.0,1
68.0,0.0,226.0,51.0,157.0,68.0,3
642.0,14.0,49.0,0.0,7.0,57.0,1
8.0,7.0,9.0,13.0,6.0,12.0,1
840.0,53.0,804.0,23.0,71.0,17.0,2
7.0,10.0,13.0,3.0,11.0,11.0,1
464.0,5.0,64.0,7.0,0.0,37.0,1
30.0,3.0,47.0,19.0,21.0,42.0,1
1492.0,38.0,287.0,50.0,57.0,33.0,2
752.0,122.0,476.0,39.0,153.0,34.0,3
1279.0,15.0,287.0,20.0,0.0,15.0,2
22.0,1.0,8.0,2.0,1.0,2.0,1
860.0,28.0,409.0,73.0,56.0,56.0,2
3.0,0.0,5.0,13.0,0.0,1.0,1
10.0,5.0,28.0,11.0,1.0,8.0,1
351.0,16.0,156.0,7.0,5.0,145.0,0
421.0,5.0,90.0,0.0,16.0,10.0,1
2.0,5.0,7.0,0.0,18.0,18.0,1
25.0,1.0,9.0,2.0,1.0,1.0,1
336.0,123.0,274.0,46.0,123.0,141.0,3
191.0,9.0,97.0,0.0,6.0,82.0,1
563.0,50.0,774.0,28.0,31.0,187.0,0
31.0,0.0,6.0,0.0,1.0,8.0,1
479.0,5.0,82.0,7.0,17.0,171.0,0
18.0,6.0,15.0,12.0,8.0,17.0,1
91.0,65.0,52.0,10.0,44.0,28.0,1
5.0,7.0,24.0,19.0,14.0,20.0,1
2.0,14.0,28.0,16.0,3.0,7.0,1
362.0,50.0,431.0,134.0,35.0,54.0,2
724.0,74.0,929.0,97.0,55.0,130.0,3
605.0,91.0,399.0,0.0,45.0,205.0,0
547.0,7.0,140.0,0.0,7.0,63.0,1
104.0,1.0,54.0,13.0,9.0,14.0,1
8.0,2.0,15.0,0.0,10.0,18.0,1
224.0,2.0,25.0,7.0,0.0,110.0,0
384.0,0.0,102.0,21.0,32.0,5.0,1
556.0,54.0,845.0,202.0,133.0,63.0,3
24.0,0.0,2.0,0.0,0.0,9.0,1
408.0,0.0,21.0,0.0,0.0,17.0,1
265.0,199.0,303.0,234.0,9.0,170.0,3
34.0,0.0,7.0,0.0,0.0,0.0,1
374.0,64.0,116.0,84.0,25.0,64.0,2
27.0,2.0,10.0,0.0,0.0,1.0,1
600.0,20.0,350.0,29.0,30.0,33.0,2
13.0,2.0,18.0,6.0,1.0,0.0,1
167.0,2.0,89.0,0.0,0.0,34.0,1
0.0,2.0,3.0,4.0,1.0,5.0,1
46.0,35.0,69.0,84.0,41.0,66.0,1
88.0,39.0,78.0,58.0,13.0,93.0,0
243.0,11.0,119.0,10.0,3.0,15.0,1
275.0,11.0,68.0,25.0,7.0,7.0,1
6.0,0.0,4.0,0.0,0.0,0.0,1
121.0,62.0,90.0,68.0,20.0,125.0,0
4.0,12.0,15.0,19.0,7.0,12.0,1
1308.0,0.0,396.0,23.0,0.0,0.0,2
515.0,47.0,267.0,62.0,66.0,38.0,2
4.0,0.0,16.0,17.0,4.0,4.0,1
48.0,13.0,57.0,24.0,15.0,25.0,1
562.0,58.0,168.0,43.0,16.0,142.0,0
769.0,22.0,500.0,210.0,143.0,33.0,3
379.0,4.0,93.0,12.0,9.0,98.0,0
29.0,12.0,59.0,19.0,1.0,36.0,1
387.0,68.0,569.0,89.0,45.0,68.0,3
12.0,23.0,38.0,30.0,18.0,7.0,1
6.0,10.0,12.0,3.0,15.0,40.0,1
27.0,1.0,14.0,4.0,1.0,21.0,1
9.0,1.0,5.0,0.0,0.0,1.0,1
22.0,0.0,19.0,6.0,5.0,3.0,1
899.0,102.0,838.0,133.0,102.0,40.0,3
889.0,55.0,685.0,168.0,92.0,129.0,3
189.0,2.0,55.0,0.0,5.0,12.0,1
48.0,0.0,2.0,0.0,0.0,5.0,1
230.0,14.0,156.0,82.0,24.0,58.0,1
852.0,60.0,207.0,78.0,36.0,48.0,2
35.0,3.0,20.0,4.0,1.0,20.0,1
205.0,20.0,47.0,23.0,2.0,56.0,1
255.0,31.0,446.0,40.0,56.0,175.0,0
0.0,0.0,1.0,8.0,3.0,2.0,1
437.0,8.0,206.0,160.0,49.0,42.0,2
825.0,8.0,53.0,11.0,0.0,242.0,0
316.0,58.0,161.0,76.0,51.0,135.0,0
756.0,138.0,354.0,160.0,169.0,61.0,3
194.0,55.0,134.0,15.0,0.0,3.0,1
7.0,17.0,18.0,6.0,10.0,26.0,1
183.0,33.0,493.0,59.0,103.0,57.0,3
171.0,0.0,11.0,0.0,1.0,20.0,1
243.0,101.0,405.0,29.0,40.0,40.0,2
181.0,21.0,69.0,39.0,3.0,96.0,0
151.0,7.0,89.0,0.0,7.0,28.0,1
494.0,92.0,391.0,194.0,11.0,241.0,3
464.0,28.0,873.0,29.0,18.0,37.0,2
5.0,1.0,5.0,10.0,0.0,7.0,1
29.0,0.0,29.0,0.0,5.0,4.0,1
102.0,9.0,49.0,24.0,3.0,12.0,1
604.0,28.0,674.0,91.0,28.0,28.0,2
571.0,12.0,523.0,63.0,60.0,24.0,2
953.0,0.0,71.0,0.0,0.0,174.0,0
63.0,3.0,67.0,8.0,9.0,28.0,1
770.0,29.0,890.0,250.0,27.0,24.0,3
398.0,61.0,265.0,138.0,61.0,53.0,3
741.0,19.0,154.0,50.0,9.0,28.0,2
1478.0,19.0,403.0,0.0,19.0,0.0,2
156.0,29.0,56.0,30.0,32.0,47.0,1
960.0,64.0,464.0,146.0,0.0,16.0,2
38.0,0.0,2.0,0.0,0.0,6.0,1
315.0,26.0,473.0,220.0,12.0,182.0,3
15.0,20.0,25.0,2.0,7.0,26.0,1
19.0,6.0,20.0,0.0,5.0,12.0,1
812.0,99.0,431.0,237.0,149.0,33.0,3
73.0,28.0,217.0,10.0,24.0,115.0,0
372.0,23.0,384.0,250.0,12.0,108.0,3
871.0,111.0,704.0,145.0,55.0,166.0,3
375.0,152.0,335.0,93.0,91.0,81.0,3
760.0,80.0,466.0,17.0,13.0,80.0,2
471.0,0.0,510.0,99.0,21.0,12.0,2
31.0,9.0,27.0,16.0,9.0,33.0,1
819.0,0.0,72.0,12.0,0.0,63.0,2
1.0,4.0,3.0,8.0,9.0,7.0,1
203.0,35.0,305.0,46.0,17.0,227.0,0
26.0,0.0,15.0,2.0,1.0,2.0,1
354.0,21.0,311.0,167.0,75.0,32.0,3
1253.0,0.0,447.0,23.0,71.0,35.0,2
371.0,17.0,238.0,23.0,24.0,106.0,0
588.0,7.0,76.0,110.0,15.0,15.0,2
480.0,86.0,249.0,75.0,86.0,144.0,3
517.0,12.0,54.0,16.0,6.0,120.0,0
267.0,98.0,606.0,48.0,70.0,98.0,3
1111.0,24.0,790.0,160.0,45.0,172.0,3
7.0,7.0,14.0,7.0,16.0,15.0,1
1166.0,0.0,48.0,0.0,0.0,36.0,2
261.0,42.0,144.0,55.0,48.0,133.0,0
135.0,25.0,51.0,23.0,25.0,46.0,1
6.0,2.0,18.0,2.0,8.0,14.0,1
711.0,28.0,142.0,49.0,18.0,47.0,2
11.0,0.0,13.0,2.0,4.0,11.0,1
42.0,0.0,17.0,0.0,0.0,18.0,1
79.0,7.0,58.0,6.0,3.0,18.0,1
20.0,6.0,43.0,19.0,5.0,38.0,1
30.0,0.0,8.0,2.0,0.0,14.0,1
20.0,2.0,23.0,3.0,1.0,4.0,1
115.0,27.0,44.0,4.0,146.0,139.0,0
263.0,5.0,233.0,69.0,41.0,83.0,0
69.0,2.0,15.0,2.0,2.0,6.0,1
267.0,3.0,30.0,4.0,0.0,57.0,1
561.0,85.0,171.0,25.0,123.0,114.0,3
492.0,0.0,37.0,7.0,0.0,42.0,1
14.0,7.0,9.0,6.0,16.0,12.0,1
80.0,4.0,46.0,0.0,17.0,2.0,1
97.0,12.0,84.0,13.0,10.0,15.0,1
197.0,107.0,227.0,7.0,59.0,131.0,0
693.0,21.0,925.0,31.0,24.0,84.0,2
43.0,2.0,27.0,0.0,9.0,12.0,1
14.0,0.0,2.0,0.0,0.0,7.0,1
186.0,36.0,234.0,86.0,72.0,48.0,2
434.0,137.0,400.0,45.0,137.0,45.0,3
59.0,0.0,11.0,4.0,2.0,5.0,1
16.0,5.0,30.0,8.0,7.0,26.0,1
230.0,35.0,75.0,63.0,57.0,31.0,1
829.0,138.0,430.0,60.0,92.0,15.0,3
318.0,8.0,407.0,150.0,35.0,8.0,2
1206.0,55.0,445.0,168.0,18.0,18.0,2
292.0,3.0,77.0,10.0,3.0,26.0,1
30.0,9.0,12.0,2.0,11.0,30.0,1
729.0,17.0,133.0,11.0,0.0,195.0,0
12.0,1.0,3.0,0.0,0.0,7.0,1
2.0,1.0,1.0,1.0,0.0,1.0,1
22.0,3.0,18.0,0.0,0.0,11.0,1
587.0,43.0,337.0,42.0,87.0,54.0,2
674.0,168.0,108.0,192.0,42.0,231.0,3
284.0,3.0,84.0,4.0,7.0,23.0,1
1023.0,93.0,651.0,49.0,55.0,37.0,2
1394.0,22.0,708.0,89.0,91.0,182.0,3
311.0,26.0,640.0,180.0,37.0,121.0,3
27.0,0.0,12.0,0.0,1.0,5.0,1
1296.0,17.0,311.0,45.0,69.0,51.0,2
3.0,6.0,7.0,0.0,0.0,3.0,1
393.0,5.0,136.0,7.0,5.0,27.0,1
218.0,63.0,282.0,137.0,35.0,70.0,3
66.0,0.0,16.0,0.0,6.0,20.0,1
4.0,2.0,11.0,2.0,0.0,4.0,1
795.0,0.0,545.0,95.0,58.0,0.0,2
15.0,10.0,19.0,8.0,17.0,20.0,1
384.0,25.0,292.0,130.0,41.0,64.0,2
244.0,8.0,32.0,7.0,2.0,50.0,1
158.0,19.0,288.0,25.0,0.0,38.0,1
1285.0,21.0,449.0,106.0,20.0,20.0,2
349.0,16.0,144.0,28.0,5.0,182.0,0
4.0,12.0,11.0,3.0,13.0,15.0,1
223.0,2.0,31.0,0.0,2.0,39.0,1
157.0,43.0,127.0,68.0,56.0,37.0,1
397.0,46.0,288.0,20.0,38.0,70.0,2
901.0,31.0,345.0,75.0,31.0,191.0,0
14.0,3.0,21.0,2.0,1.0,28.0,1
10.0,0.0,3.0,0.0,0.0,4.0,1
1230.0,0.0,396.0,232.0,178.0,158.0,3
81.0,1.0,31.0,2.0,1.0,0.0,1
154.0,20.0,66.0,0.0,12.0,27.0,1
63.0,0.0,21.0,7.0,0.0,12.0,1
30.0,0.0,11.0,0.0,0.0,3.0,1
90.0,67.0,165.0,30.0,43.0,11.0,1
635.0,114.0,254.0,132.0,152.0,76.0,3
127.0,4.0,73.0,15.0,6.0,11.0,1
13.0,3.0,6.0,6.0,5.0,6.0,1
18.0,42.0,24.0,15.0,20.0,18.0,1
45.0,2.0,26.0,4.0,1.0,1.0,1
38.0,1.0,24.0,0.0,0.0,0.0,1
986.0,36.0,168.0,16.0,0.0,108.0,0
61.0,0.0,3.0,0.0,0.0,7.0,1
4.0,9.0,16.0,17.0,0.0,12.0,1
201.0,53.0,172.0,116.0,77.0,83.0,3
19.0,8.0,29.0,0.0,12.0,26.0,1
4.0,8.0,11.0,19.0,12.0,26.0,1
18.0,0.0,2.0,0.0,0.0,2.0,1
806.0,80.0,161.0,120.0,11.0,33.0,2
380.0,98.0,733.0,110.0,112.0,28.0,3
576.0,172.0,961.0,125.0,115.0,19.0,3
458.0,81.0,356.0,106.0,50.0,40.0,3
5.0,10.0,13.0,3.0,8.0,16.0,1
350.0,60.0,568.0,110.0,133.0,145.0,3
39.0,33.0,130.0,41.0,26.0,44.0,1
26.0,1.0,16.0,2.0,2.0,15.0,1
68.0,0.0,16.0,0.0,0.0,8.0,1
45.0,3.0,9.0,4.0,4.0,7.0,1
359.0,0.0,134.0,13.0,26.0,123.0,0
403.0,24.0,29.0,6.0,24.0,218.0,0
34.0,1.0,14.0,0.0,0.0,5.0,1
73.0,18.0,66.0,7.0,12.0,2.0,1
292.0,30.0,415.0,63.0,33.0,200.0,0
14.0,0.0,16.0,0.0,0.0,6.0,1
80.0,1.0,37.0,0.0,1.0,3.0,1
30.0,11.0,33.0,13.0,6.0,29.0,1
463.0,96.0,333.0,168.0,53.0,10.0,3
75.0,12.0,141.0,43.0,39.0,187.0,0
538.0,13.0,91.0,17.0,6.0,26.0,1
635.0,114.0,254.0,132.0,152.0,76.0,3
8.0,0.0,3.0,0.0,0.0,1.0,1
1315.0,22.0,780.0,145.0,0.0,178.0,2
4.0,2.0,12.0,7.0,5.0,26.0,1
12.0,0.0,13.0,2.0,0.0,10.0,1
347.0,44.0,534.0,17.0,0.0,26.0,2
192.0,5.0,53.0,0.0,5.0,15.0,1
241.0,0.0,12.0,0.0,0.0,25.0,1
631.0,28.0,491.0,30.0,14.0,56.0,2
336.0,28.0,282.0,184.0,54.0,54.0,3
1099.0,0.0,45.0,0.0,0.0,34.0,2
743.0,19.0,181.0,12.0,0.0,200.0,0
124.0,83.0,267.0,85.0,59.0,35.0,3
15.0,0.0,8.0,4.0,2.0,20.0,1
397.0,19.0,69.0,12.0,0.0,9.0,1
10.0,4.0,4.0,3.0,3.0,14.0,1
530.0,117.0,678.0,134.0,44.0,147.0,3
1215.0,33.0,249.0,64.0,116.0,149.0,3
3.0,2.0,7.0,0.0,4.0,2.0,1
444.0,44.0,382.0,11.0,8.0,17.0,2
26.0,0.0,15.0,2.0,1.0,2.0,1
736.0,114.0,279.0,82.0,76.0,190.0,3
473.0,21.0,176.0,19.0,21.0,56.0,2
32.0,0.0,5.0,2.0,0.0,8.0,1
288.0,10.0,30.0,4.0,10.0,125.0,0
1050.0,178.0,555.0,77.0,138.0,118.0,3
1001.0,44.0,107.0,58.0,44.0,44.0,2
9.0,1.0,7.0,0.0,3.0,2.0,1
234.0,14.0,77.0,19.0,10.0,42.0,1
7.0,2.0,6.0,2.0,0.0,3.0,1
251.0,108.0,334.0,65.0,92.0,117.0,3
172.0,10.0,125.0,21.0,13.0,16.0,1
565.0,42.0,548.0,64.0,83.0,99.0,3
5.0,0.0,8.0,2.0,0.0,0.0,1
918.0,57.0,842.0,99.0,38.0,133.0,3
652.0,8.0,158.0,21.0,0.0,142.0,0
4.0,1.0,7.0,2.0,1.0,2.0,1
152.0,27.0,103.0,106.0,54.0,81.0,0
8.0,0.0,9.0,2.0,1.0,3.0,1
336.0,130.0,411.0,240.0,32.0,43.0,3
938.0,19.0,843.0,25.0,95.0,38.0,2
68.0,8.0,18.0,19.0,8.0,12.0,1
227.0,23.0,389.0,42.0,21.0,75.0,2
38.0,4.0,22.0,3.0,3.0,3.0,1
105.0,0.0,9.0,2.0,1.0,4.0,1
162.0,50.0,100.0,55.0,30.0,27.0,1
574.0,8.0,216.0,21.0,16.0,33.0,2
160.0,80.0,369.0,67.0,39.0,41.0,2
6.0,0.0,5.0,0.0,0.0,1.0,1
614.0,35.0,160.0,58.0,35.0,35.0,2
897.0,161.0,430.0,186.0,161.0,27.0,3
70.0,54.0,109.0,80.0,9.0,45.0,1
120.0,19.0,206.0,25.0,19.0,54.0,1
211.0,2.0,30.0,7.0,7.0,10.0,1
11.0,0.0,16.0,7.0,6.0,21.0,1
760.0,53.0,400.0,17.0,93.0,0.0,2
53.0,0.0,8.0,0.0,0.0,2.0,1
7.0,4.0,13.0,15.0,8.0,17.0,1
391.0,32.0,70.0,21.0,32.0,16.0,1
199.0,9.0,57.0,20.0,21.0,6.0,1
516.0,56.0,449.0,86.0,33.0,16.0,2
709.0,45.0,115.0,30.0,160.0,45.0,3
12.0,0.0,4.0,0.0,0.0,0.0,1
1000.0,19.0,711.0,125.0,115.0,38.0,3
19.0,3.0,18.0,3.0,1.0,0.0,1
1224.0,28.0,140.0,0.0,14.0,168.0,0
16.0,2.0,18.0,3.0,0.0,24.0,1
88.0,39.0,54.0,64.0,28.0,153.0,0
2.0,23.0,11.0,8.0,6.0,46.0,1
508.0,11.0,59.0,23.0,5.0,29.0,1
381.0,28.0,215.0,84.0,28.0,21.0,2
74.0,0.0,42.0,2.0,1.0,6.0,1
146.0,0.0,93.0,7.0,13.0,73.0,1
23.0,17.0,23.0,43.0,20.0,9.0,1
110.0,5.0,137.0,26.0,23.0,29.0,1
165.0,3.0,147.0,4.0,24.0,41.0,1
957.0,47.0,494.0,82.0,47.0,95.0,2
41.0,0.0,17.0,3.0,1.0,16.0,1
1.0,3.0,4.0,2.0,3.0,11.0,1
176.0,29.0,818.0,0.0,33.0,112.0,0
815.0,8.0,53.0,11.0,0.0,70.0,2
6.0,1.0,2.0,2.0,0.0,4.0,1
8.0,4.0,20.0,6.0,3.0,16.0,1
717.0,42.0,864.0,219.0,30.0,84.0,3
1067.0,138.0,750.0,0.0,19.0,39.0,2
166.0,5.0,107.0,11.0,8.0,29.0,1
29.0,4.0,34.0,2.0,4.0,4.0,1
714.0,76.0,395.0,116.0,0.0,12.0,2
8.0,4.0,10.0,2.0,2.0,4.0,1
229.0,5.0,56.0,3.0,2.0,20.0,1
320.0,48.0,133.0,39.0,72.0,48.0,2
23.0,0.0,26.0,7.0,15.0,3.0,1
1.0,5.0,8.0,4.0,8.0,20.0,1
56.0,0.0,12.0,0.0,0.0,18.0,1
508.0,124.0,249.0,50.0,38.0,134.0,0
29.0,0.0,25.0,2.0,2.0,3.0,1
46.0,7.0,59.0,2.0,4.0,27.0,1
454.0,0.0,171.0,8.0,19.0,32.0,1
350.0,3.0,39.0,0.0,0.0,19.0,1
10.0,0.0,8.0,0.0,0.0,9.0,1
735.0,40.0,183.0,52.0,20.0,30.0,2
897.0,126.0,196.0,91.0,112.0,37.0,3
5.0,2.0,3.0,3.0,0.0,5.0,1
777.0,35.0,731.0,39.0,137.0,114.0,3
162.0,6.0,37.0,6.0,13.0,13.0,1
35.0,0.0,11.0,0.0,0.0,2.0,1
342.0,9.0,112.0,19.0,14.0,19.0,1
258.0,105.0,239.0,237.0,172.0,9.0,3
658.0,80.0,483.0,123.0,13.0,13.0,2
356.0,80.0,329.0,138.0,17.0,106.0,3
213.0,5.0,28.0,7.0,7.0,41.0,1
454.0,0.0,171.0,8.0,19.0,32.0,1
457.0,4.0,29.0,0.0,0.0,9.0,1
241.0,45.0,604.0,34.0,26.0,54.0,2
210.0,0.0,6.0,0.0,0.0,2.0,1
441.0,35.0,83.0,7.0,29.0,11.0,1
19.0,13.0,18.0,10.0,7.0,8.0,1
28.0,9.0,37.0,12.0,7.0,13.0,1
476.0,75.0,162.0,29.0,151.0,97.0,3
364.0,40.0,425.0,158.0,60.0,50.0,3
0.0,0.0,2.0,3.0,3.0,8.0,1
0.0,6.0,3.0,7.0,6.0,12.0,1
863.0,83.0,547.0,86.0,99.0,33.0,3
349.0,7.0,35.0,0.0,0.0,47.0,1
5.0,23.0,15.0,0.0,18.0,14.0,1
184.0,2.0,19.0,8.0,8.0,4.0,1
8.0,0.0,8.0,0.0,0.0,2.0,1
277.0,21.0,64.0,62.0,21.0,25.0,1
44.0,5.0,19.0,0.0,4.0,19.0,1
1156.0,120.0,915.0,94.0,144.0,96.0,3
373.0,14.0,83.0,6.0,9.0,19.0,1
134.0,8.0,76.0,6.0,0.0,11.0,1
1148.0,0.0,60.0,0.0,0.0,24.0,2
6.0,12.0,3.0,21.0,6.0,40.0,1
4.0,1.0,11.0,0.0,0.0,1.0,1
5.0,4.0,8.0,2.0,0.0,5.0,1
24.0,2.0,20.0,2.0,2.0,10.0,1
899.0,0.0,101.0,0.0,0.0,20.0,2
108.0,1.0,28.0,13.0,1.0,4.0,1
27.0,2.0,7.0,0.0,2.0,13.0,1
816.0,66.0,549.0,216.0,66.0,99.0,3
1298.0,0.0,70.0,37.0,14.0,42.0,2
10.0,0.0,11.0,17.0,29.0,29.0,1
87.0,13.0,34.0,10.0,6.0,10.0,1
57.0,2.0,51.0,4.0,2.0,23.0,1
635.0,15.0,100.0,20.0,7.0,131.0,0
43.0,12.0,23.0,29.0,15.0,61.0,1
964.0,34.0,137.0,15.0,0.0,11.0,2
572.0,8.0,259.0,34.0,35.0,80.0,2
341.0,142.0,113.0,259.0,151.0,66.0,3
63.0,6.0,57.0,13.0,13.0,22.0,1
221.0,104.0,169.0,102.0,78.0,84.0,3
140.0,3.0,29.0,4.0,5.0,14.0,1
1.0,2.0,8.0,4.0,3.0,13.0,1
291.0,10.0,689.0,84.0,10.0,0.0,2
544.0,13.0,85.0,8.0,6.0,29.0,1
684.0,100.0,801.0,21.0,66.0,0.0,2
1.0,12.0,9.0,0.0,14.0,7.0,1
35.0,0.0,4.0,0.0,0.0,10.0,1
87.0,3.0,25.0,3.0,2.0,13.0,1
309.0,3.0,24.0,4.0,3.0,20.0,1
172.0,73.0,93.0,95.0,78.0,34.0,3
625.0,38.0,242.0,50.0,34.0,76.0,2
972.0,59.0,913.0,25.0,19.0,59.0,2
157.0,6.0,39.0,6.0,13.0,75.0,1
48.0,9.0,45.0,3.0,15.0,20.0,1
279.0,83.0,88.0,32.0,14.0,34.0,1
132.0,0.0,16.0,0.0,0.0,4.0,1
919.0,0.0,505.0,99.0,30.0,45.0,2
62.0,0.0,22.0,3.0,1.0,26.0,1
1.0,45.0,3.0,4.0,6.0,42.0,1
2.0,6.0,4.0,3.0,1.0,9.0,1
408.0,61.0,109.0,48.0,122.0,41.0,3
51.0,1.0,7.0,2.0,1.0,25.0,1
62.0,1.0,16.0,3.0,2.0,6.0,1
952.0,12.0,180.0,47.0,12.0,12.0,2
618.0,15.0,106.0,20.0,7.0,45.0,2
11.0,7.0,12.0,2.0,2.0,27.0,1
318.0,3.0,17.0,4.0,7.0,56.0,1
56.0,0.0,14.0,0.0,0.0,2.0,1
110.0,5.0,59.0,7.0,1.0,7.0,1
23.0,0.0,11.0,2.0,1.0,3.0,1
27.0,5.0,8.0,8.0,3.0,12.0,1
18.0,3.0,19.0,3.0,3.0,6.0,1
18.0,0.0,9.0,0.0,1.0,11.0,1
303.0,0.0,280.0,60.0,147.0,15.0,2
97.0,1.0,19.0,2.0,0.0,11.0,1
997.0,15.0,414.0,99.0,30.0,76.0,2
5.0,4.0,13.0,8.0,0.0,4.0,1
95.0,11.0,35.0,0.0,4.0,7.0,1
1.0,6.0,2.0,3.0,6.0,3.0,1
46.0,1.0,12.0,3.0,0.0,9.0,1
411.0,106.0,147.0,54.0,115.0,66.0,3
244.0,51.0,270.0,101.0,0.0,45.0,2
152.0,9.0,121.0,12.0,12.0,45.0,1
1.0,1.0,3.0,1.0,1.0,1.0,1
10.0,17.0,18.0,8.0,26.0,40.0,1
12.0,0.0,5.0,0.0,0.0,4.0,1
5.0,0.0,4.0,0.0,0.0,1.0,1
790.0,19.0,133.0,12.0,0.0,19.0,2
882.0,29.0,514.0,38.0,29.0,44.0,2
615.0,28.0,259.0,12.0,48.0,30.0,2
1004.0,59.0,265.0,115.0,59.0,27.0,2
133.0,27.0,421.0,13.0,195.0,71.0,3
595.0,23.0,123.0,10.0,23.0,154.0,0
293.0,0.0,87.0,4.0,11.0,23.0,1
313.0,15.0,47.0,20.0,0.0,192.0,0
151.0,81.0,86.0,168.0,91.0,64.0,3
15.0,0.0,2.0,0.0,0.0,6.0,1
736.0,63.0,946.0,219.0,189.0,126.0,3
15.0,0.0,8.0,4.0,2.0,20.0,1
982.0,17.0,672.0,23.0,34.0,51.0,2
1142.0,51.0,415.0,90.0,69.0,37.0,2
28.0,0.0,11.0,0.0,0.0,9.0,1
46.0,0.0,12.0,0.0,2.0,23.0,1
897.0,161.0,430.0,186.0,161.0,27.0,3
489.0,6.0,152.0,8.0,6.0,132.0,0
25.0,4.0,9.0,6.0,8.0,32.0,1
145.0,1.0,33.0,2.0,1.0,1.0,1
630.0,26.0,611.0,44.0,18.0,54.0,2
760.0,38.0,104.0,50.0,9.0,38.0,2
420.0,15.0,186.0,151.0,38.0,15.0,2
125.0,17.0,52.0,3.0,19.0,30.0,1
464.0,5.0,64.0,7.0,0.0,70.0,1
6.0,6.0,29.0,12.0,15.0,8.0,1
1090.0,12.0,96.0,16.0,12.0,60.0,2
3.0,2.0,11.0,2.0,2.0,10.0,1
24.0,0.0,27.0,8.0,30.0,10.0,1
737.0,21.0,106.0,55.0,63.0,210.0,0
254.0,6.0,71.0,4.0,0.0,27.0,1
817.0,185.0,687.0,145.0,55.0,241.0,3
620.0,54.0,239.0,99.0,98.0,119.0,3
13.0,4.0,20.0,0.0,0.0,1.0,1
113.0,61.0,204.0,34.0,26.0,47.0,1
7.0,23.0,78.0,133.0,49.0,144.0,0
16.0,2.0,18.0,2.0,1.0,5.0,1
462.0,0.0,24.0,6.0,0.0,4.0,1
22.0,2.0,10.0,6.0,4.0,34.0,1
968.0,147.0,842.0,137.0,42.0,210.0,3
283.0,112.0,151.0,51.0,72.0,125.0,3
1.0,2.0,5.0,6.0,0.0,3.0,1
14.0,1.0,7.0,2.0,1.0,1.0,1
30.0,5.0,24.0,6.0,3.0,8.0,1
4.0,0.0,5.0,0.0,1.0,5.0,1
52.0,0.0,9.0,0.0,0.0,1.0,1
62.0,1.0,57.0,19.0,11.0,48.0,1
20.0,2.0,14.0,3.0,0.0,10.0,1
545.0,7.0,114.0,37.0,21.0,78.0,0
558.0,79.0,622.0,207.0,175.0,95.0,3
6.0,5.0,4.0,13.0,4.0,25.0,1
39.0,1.0,9.0,2.0,0.0,8.0,1
1111.0,24.0,790.0,160.0,45.0,172.0,3
4.0,6.0,8.0,6.0,3.0,10.0,1
183.0,5.0,65.0,3.0,5.0,49.0,1
546.0,72.0,376.0,94.0,145.0,72.0,3
606.0,7.0,155.0,10.0,0.0,54.0,2
266.0,6.0,51.0,8.0,6.0,64.0,1
1142.0,29.0,249.0,38.0,29.0,14.0,2
1074.0,0.0,69.0,0.0,0.0,46.0,2
771.0,51.0,154.0,54.0,10.0,154.0,0
371.0,32.0,189.0,0.0,58.0,6.0,1
556.0,14.0,717.0,210.0,0.0,43.0,2
202.0,5.0,74.0,11.0,5.0,14.0,1
209.0,162.0,209.0,41.0,162.0,37.0,3
35.0,40.0,111.0,36.0,40.0,12.0,1
37.0,0.0,17.0,0.0,0.0,3.0,1
171.0,45.0,73.0,59.0,10.0,90.0,0
12.0,2.0,20.0,3.0,2.0,5.0,1
44.0,4.0,21.0,6.0,0.0,27.0,1
20.0,2.0,9.0,4.0,6.0,20.0,1
779.0,86.0,537.0,34.0,69.0,138.0,3
170.0,6.0,97.0,24.0,12.0,88.0,1
491.0,48.0,231.0,112.0,105.0,134.0,3
173.0,8.0,107.0,7.0,2.0,176.0,0
7.0,10.0,13.0,16.0,0.0,4.0,1
1205.0,0.0,235.0,19.0,14.0,205.0,0
10.0,7.0,25.0,6.0,3.0,7.0,1
97.0,4.0,44.0,6.0,1.0,18.0,1
67.0,11.0,26.0,4.0,3.0,262.0,0
345.0,53.0,528.0,98.0,75.0,97.0,3
6.0,5.0,17.0,3.0,24.0,46.0,1
73.0,57.0,100.0,71.0,15.0,0.0,1
711.0,36.0,217.0,172.0,96.0,168.0,3
774.0,70.0,118.0,182.0,187.0,93.0,3
163.0,0.0,480.0,0.0,126.0,75.0,2
82.0,33.0,54.0,71.0,30.0,41.0,1
358.0,108.0,413.0,141.0,97.0,32.0,3
66.0,2.0,40.0,4.0,3.0,14.0,1
13.0,6.0,7.0,0.0,3.0,3.0,1
139.0,13.0,78.0,20.0,13.0,36.0,1
274.0,0.0,21.0,4.0,6.0,15.0,1
262.0,6.0,61.0,0.0,10.0,102.0,0
1099.0,0.0,45.0,0.0,0.0,34.0,2
32.0,0.0,8.0,23.0,4.0,18.0,1
2.0,4.0,2.0,0.0,11.0,5.0,1
6.0,10.0,21.0,19.0,14.0,42.0,1
6.0,7.0,4.0,3.0,4.0,6.0,1
135.0,46.0,92.0,65.0,61.0,11.0,1
641.0,7.0,84.0,0.0,30.0,38.0,2
714.0,76.0,395.0,116.0,0.0,12.0,2
794.0,73.0,573.0,0.0,29.0,14.0,2
420.0,0.0,452.0,182.0,64.0,140.0,3
1.0,2.0,7.0,4.0,3.0,11.0,1
86.0,12.0,75.0,33.0,15.0,6.0,1
823.0,25.0,459.0,124.0,29.0,95.0,2
231.0,161.0,215.0,171.0,30.0,53.0,3
8.0,15.0,27.0,0.0,20.0,33.0,1
182.0,17.0,259.0,77.0,70.0,29.0,2
557.0,129.0,984.0,193.0,37.0,18.0,3
79.0,1.0,31.0,4.0,4.0,12.0,1
368.0,24.0,68.0,38.0,0.0,88.0,0
6.0,4.0,14.0,8.0,8.0,22.0,1
160.0,15.0,196.0,15.0,11.0,50.0,1
488.0,21.0,238.0,56.0,108.0,28.0,2
691.0,7.0,69.0,0.0,7.0,23.0,1
543.0,10.0,205.0,160.0,143.0,82.0,3
254.0,7.0,108.0,20.0,0.0,26.0,1
5.0,4.0,10.0,2.0,2.0,7.0,1
112.0,19.0,21.0,16.0,14.0,5.0,1
134.0,11.0,59.0,15.0,2.0,30.0,1
143.0,6.0,52.0,11.0,8.0,17.0,1
51.0,4.0,24.0,4.0,7.0,1.0,1
27.0,0.0,5.0,0.0,0.0,3.0,1
459.0,0.0,24.0,6.0,0.0,4.0,1
689.0,8.0,167.0,11.0,8.0,88.0,0
283.0,10.0,38.0,0.0,13.0,27.0,1
347.0,0.0,35.0,4.0,3.0,7.0,1
5.0,13.0,14.0,0.0,5.0,31.0,1
280.0,0.0,18.0,0.0,0.0,24.0,1
95.0,14.0,64.0,2.0,9.0,38.0,1
84.0,10.0,34.0,11.0,10.0,28.0,1
18.0,3.0,17.0,3.0,0.0,4.0,1
992.0,24.0,694.0,51.0,19.0,119.0,2
9.0,1.0,7.0,0.0,3.0,2.0,1
19.0,1.0,17.0,2.0,0.0,2.0,1
709.0,93.0,374.0,104.0,80.0,80.0,3
158.0,0.0,76.0,13.0,7.0,71.0,1
10.0,14.0,29.0,4.0,2.0,36.0,1
25.0,1.0,13.0,0.0,0.0,3.0,1
8.0,4.0,12.0,15.0,4.0,29.0,1
14.0,0.0,6.0,0.0,0.0,0.0,1
622.0,7.0,115.0,30.0,0.0,15.0,1
25.0,3.0,16.0,8.0,5.0,2.0,1
635.0,15.0,100.0,20.0,7.0,131.0,0
642.0,14.0,49.0,0.0,7.0,57.0,1
97.0,1.0,41.0,6.0,2.0,41.0,1
513.0,7.0,133.0,46.0,14.0,14.0,1
88.0,3.0,21.0,4.0,1.0,29.0,1
172.0,12.0,112.0,8.0,0.0,15.0,1
329.0,35.0,222.0,130.0,35.0,43.0,2
296.0,13.0,104.0,11.0,13.0,17.0,1
100.0,2.0,16.0,2.0,1.0,31.0,1
422.0,7.0,238.0,69.0,46.0,15.0,2
1218.0,16.0,272.0,104.0,0.0,80.0,2
5.0,1.0,7.0,2.0,1.0,4.0,1
507.0,93.0,520.0,242.0,40.0,26.0,3
52.0,12.0,50.0,4.0,36.0,55.0,1
191.0,56.0,139.0,51.0,8.0,100.0,0
2.0,23.0,11.0,8.0,6.0,46.0,1
68.0,28.0,39.0,16.0,30.0,41.0,1
20.0,4.0,10.0,6.0,4.0,17.0,1
20.0,3.0,16.0,0.0,4.0,1.0,1
7.0,0.0,1.0,0.0,0.0,0.0,1
279.0,172.0,74.0,38.0,8.0,246.0,0
977.0,12.0,253.0,16.0,12.0,101.0,2
30.0,1.0,8.0,0.0,0.0,3.0,1
6.0,1.0,7.0,23.0,4.0,19.0,1
3.0,18.0,26.0,11.0,8.0,12.0,1
14.0,0.0,2.0,0.0,0.0,7.0,1
10.0,1.0,7.0,0.0,0.0,1.0,1
7.0,10.0,17.0,8.0,6.0,13.0,1
33.0,87.0,64.0,175.0,16.0,74.0,3
12.0,0.0,13.0,2.0,0.0,10.0,1
2.0,3.0,10.0,11.0,2.0,10.0,1
693.0,21.0,118.0,110.0,147.0,42.0,3
9.0,3.0,15.0,2.0,3.0,2.0,1
129.0,26.0,67.0,3.0,67.0,2.0,1
16.0,2.0,11.0,3.0,0.0,16.0,1
201.0,2.0,43.0,3.0,5.0,35.0,1
5.0,4.0,5.0,4.0,2.0,10.0,1
14.0,36.0,11.0,3.0,26.0,35.0,1
29.0,12.0,59.0,19.0,1.0,36.0,1
26.0,2.0,19.0,10.0,5.0,8.0,1
9.0,1.0,4.0,3.0,2.0,3.0,1
14.0,0.0,23.0,4.0,5.0,19.0,1
972.0,19.0,595.0,180.0,26.0,138.0,3
966.0,168.0,672.0,246.0,105.0,126.0,3
99.0,27.0,102.0,28.0,48.0,6.0,1
482.0,35.0,553.0,72.0,160.0,17.0,3
714.0,8.0,99.0,11.0,0.0,47.0,2
587.0,54.0,348.0,71.0,54.0,130.0,0
399.0,27.0,159.0,58.0,8.0,39.0,2
56.0,10.0,92.0,19.0,7.0,25.0,1
227.0,151.0,573.0,98.0,54.0,31.0,3
703.0,102.0,601.0,0.0,58.0,43.0,2
37.0,0.0,17.0,0.0,0.0,3.0,1
167.0,13.0,180.0,86.0,13.0,70.0,1
458.0,81.0,356.0,106.0,50.0,40.0,3
91.0,3.0,52.0,2.0,1.0,31.0,1
15.0,8.0,16.0,11.0,5.0,22.0,1
1302.0,68.0,731.0,89.0,114.0,45.0,3
153.0,64.0,123.0,116.0,64.0,14.0,3
508.0,5.0,21.0,7.0,5.0,10.0,1
290.0,59.0,177.0,77.0,5.0,29.0,2
38.0,0.0,2.0,0.0,0.0,6.0,1
2.0,13.0,6.0,7.0,5.0,11.0,1
30.0,0.0,10.0,2.0,0.0,5.0,1
386.0,23.0,95.0,54.0,41.0,196.0,0
443.0,10.0,75.0,0.0,10.0,48.0,1
901.0,31.0,345.0,75.0,31.0,191.0,0
9.0,0.0,3.0,0.0,0.0,1.0,1
846.0,84.0,352.0,91.0,56.0,42.0,2
8.0,3.0,9.0,19.0,4.0,22.0,1
72.0,7.0,58.0,13.0,1.0,24.0,1
29.0,0.0,5.0,0.0,1.0,5.0,1
169.0,24.0,553.0,188.0,0.0,144.0,0
460.0,35.0,422.0,33.0,12.0,153.0,0
69.0,8.0,26.0,12.0,7.0,12.0,1
556.0,14.0,717.0,210.0,0.0,43.0,2
73.0,0.0,13.0,0.0,1.0,0.0,1
112.0,1.0,54.0,7.0,7.0,36.0,1
944.0,0.0,60.0,0.0,0.0,30.0,2
265.0,199.0,303.0,234.0,9.0,170.0,3
526.0,28.0,135.0,10.0,21.0,99.0,0
2.0,3.0,12.0,3.0,5.0,7.0,1
2.0,4.0,9.0,10.0,5.0,16.0,1
378.0,97.0,259.0,197.0,194.0,34.0,3
553.0,25.0,142.0,65.0,67.0,8.0,2
751.0,127.0,687.0,20.0,15.0,31.0,2
406.0,0.0,30.0,0.0,0.0,8.0,1
1449.0,89.0,161.0,69.0,35.0,107.0,2
123.0,17.0,171.0,39.0,0.0,30.0,1
267.0,42.0,309.0,55.0,42.0,21.0,2
209.0,0.0,40.0,3.0,2.0,15.0,1
1259.0,172.0,815.0,97.0,148.0,33.0,3
344.0,35.0,178.0,15.0,23.0,17.0,1
22.0,3.0,30.0,0.0,5.0,15.0,1
247.0,161.0,295.0,210.0,85.0,47.0,3
38.0,0.0,12.0,3.0,1.0,1.0,1
896.0,10.0,101.0,13.0,10.0,34.0,2
931.0,56.0,253.0,91.0,98.0,14.0,2
758.0,12.0,385.0,33.0,89.0,89.0,2
216.0,9.0,57.0,20.0,9.0,125.0,0
2.0,3.0,10.0,11.0,2.0,10.0,1
244.0,15.0,108.0,4.0,15.0,50.0,1
539.0,6.0,91.0,8.0,6.0,97.0,0
1181.0,26.0,120.0,17.0,13.0,39.0,2
750.0,8.0,125.0,11.0,8.0,26.0,2
306.0,5.0,109.0,21.0,109.0,92.0,0
350.0,104.0,189.0,197.0,151.0,57.0,3
331.0,197.0,170.0,58.0,152.0,35.0,3
620.0,16.0,165.0,0.0,24.0,82.0,0
434.0,137.0,400.0,45.0,137.0,45.0,3
57.0,0.0,27.0,0.0,0.0,36.0,1
811.0,76.0,428.0,99.0,137.0,107.0,3
423.0,42.0,706.0,73.0,197.0,197.0,3
2.0,12.0,10.0,6.0,13.0,30.0,1
60.0,51.0,87.0,6.0,20.0,51.0,1
675.0,0.0,85.0,10.0,7.0,77.0,0
30.0,8.0,12.0,8.0,8.0,12.0,1
40.0,1.0,40.0,4.0,3.0,18.0,1
3.0,17.0,26.0,20.0,1.0,39.0,1
910.0,111.0,724.0,49.0,74.0,55.0,3
252.0,98.0,827.0,219.0,70.0,196.0,3
34.0,6.0,21.0,11.0,4.0,8.0,1
19.0,3.0,19.0,3.0,1.0,3.0,1
2.0,1.0,1.0,0.0,0.0,1.0,1
490.0,0.0,184.0,10.0,28.0,21.0,1
332.0,194.0,377.0,149.0,125.0,57.0,3
53.0,8.0,17.0,13.0,0.0,21.0,1
784.0,48.0,560.0,42.0,176.0,48.0,3
7.0,11.0,3.0,10.0,4.0,20.0,1
1171.0,43.0,219.0,19.0,14.0,47.0,2
215.0,7.0,33.0,3.0,0.0,13.0,1
674.0,62.0,134.0,0.0,26.0,8.0,2
57.0,0.0,27.0,0.0,0.0,36.0,1
5.0,36.0,7.0,0.0,10.0,45.0,1
104.0,20.0,101.0,24.0,15.0,5.0,1
9.0,0.0,7.0,2.0,0.0,4.0,1
431.0,82.0,441.0,80.0,20.0,102.0,2
1000.0,0.0,76.0,0.0,0.0,10.0,2
448.0,40.0,469.0,80.0,0.0,91.0,2
33.0,4.0,24.0,4.0,2.0,5.0,1
505.0,72.0,270.0,36.0,27.0,54.0,2
267.0,38.0,701.0,149.0,165.0,63.0,3
14.0,0.0,3.0,0.0,0.0,1.0,1
631.0,0.0,115.0,10.0,7.0,30.0,1
65.0,4.0,16.0,0.0,4.0,11.0,1
10.0,12.0,12.0,25.0,1.0,20.0,1
51.0,4.0,50.0,12.0,1.0,49.0,1
293.0,35.0,179.0,46.0,59.0,65.0,2
11.0,1.0,2.0,2.0,1.0,6.0,1
50.0,1.0,27.0,6.0,7.0,1.0,1
173.0,26.0,255.0,35.0,71.0,81.0,0
423.0,184.0,368.0,13.0,97.0,21.0,3
292.0,30.0,415.0,63.0,33.0,200.0,0
757.0,80.0,217.0,29.0,80.0,11.0,2
12.0,1.0,6.0,0.0,1.0,5.0,1
167.0,2.0,44.0,6.0,2.0,19.0,1
3.0,1.0,3.0,8.0,0.0,5.0,1
30.0,5.0,22.0,8.0,9.0,28.0,1
532.0,88.0,168.0,69.0,44.0,133.0,0
29.0,12.0,59.0,19.0,1.0,36.0,1
411.0,0.0,26.0,0.0,0.0,21.0,1
5.0,3.0,4.0,4.0,1.0,0.0,1
71.0,99.0,278.0,185.0,121.0,38.0,3
46.0,0.0,40.0,3.0,0.0,3.0,1
268.0,11.0,88.0,15.0,3.0,22.0,1
928.0,63.0,254.0,0.0,12.0,12.0,2
459.0,15.0,171.0,142.0,23.0,31.0,2
483.0,0.0,108.0,0.0,6.0,36.0,1
733.0,9.0,180.0,12.0,19.0,66.0,2
1006.0,22.0,115.0,59.0,68.0,45.0,2
34.0,1.0,14.0,0.0,0.0,5.0,1
1156.0,120.0,915.0,94.0,144.0,96.0,3
7.0,4.0,23.0,7.0,0.0,11.0,1
244.0,15.0,108.0,4.0,15.0,50.0,1
233.0,0.0,23.0,0.0,0.0,12.0,1
35.0,3.0,67.0,10.0,8.0,24.0,1
1252.0,0.0,465.0,46.0,35.0,0.0,2
34.0,4.0,66.0,3.0,10.0,20.0,1
255.0,43.0,134.0,37.0,14.0,24.0,1
8.0,1.0,5.0,0.0,0.0,1.0,1
368.0,32.0,639.0,13.0,43.0,10.0,2
255.0,47.0,573.0,52.0,32.0,15.0,2
33.0,8.0,10.0,2.0,10.0,3.0,1
163.0,23.0,424.0,27.0,65.0,76.0,2
15.0,0.0,8.0,4.0,2.0,20.0,1
45.0,12.0,52.0,25.0,22.0,13.0,1
48.0,58.0,68.0,16.0,66.0,43.0,1
158.0,6.0,45.0,8.0,2.0,2.0,1
754.0,160.0,625.0,63.0,32.0,48.0,3
108.0,1.0,28.0,13.0,1.0,4.0,1
199.0,66.0,315.0,97.0,174.0,41.0,3
2.0,7.0,5.0,2.0,15.0,27.0,1
202.0,5.0,74.0,11.0,5.0,14.0,1
85.0,0.0,3.0,0.0,0.0,7.0,1
322.0,3.0,50.0,4.0,3.0,42.0,1
18.0,2.0,19.0,0.0,2.0,6.0,1
141.0,8.0,129.0,3.0,11.0,47.0,1
739.0,107.0,309.0,140.0,80.0,35.0,3
18.0,0.0,6.0,3.0,3.0,5.0,1
378.0,0.0,88.0,19.0,4.0,73.0,1
1083.0,108.0,649.0,253.0,151.0,108.0,3
1016.0,12.0,215.0,16.0,12.0,63.0,2
23.0,1.0,6.0,0.0,0.0,2.0,1
12.0,1.0,21.0,2.0,2.0,3.0,1
35.0,0.0,4.0,0.0,0.0,0.0,1
548.0,31.0,422.0,0.0,112.0,28.0,2
342.0,32.0,230.0,34.0,32.0,40.0,2
365.0,3.0,15.0,4.0,3.0,11.0,1
397.0,19.0,69.0,12.0,0.0,9.0,1
456.0,19.0,832.0,75.0,118.0,38.0,3
5.0,6.0,15.0,11.0,7.0,13.0,1
836.0,185.0,575.0,24.0,25.0,77.0,3
100.0,2.0,128.0,23.0,7.0,10.0,1
10.0,0.0,10.0,3.0,1.0,7.0,1
238.0,115.0,215.0,169.0,69.0,76.0,3
6.0,0.0,5.0,2.0,1.0,2.0,1
158.0,11.0,99.0,15.0,11.0,17.0,1
86.0,12.0,75.0,33.0,15.0,6.0,1
856.0,0.0,76.0,12.0,9.0,199.0,0
98.0,1.0,17.0,0.0,1.0,5.0,1
4.0,16.0,20.0,0.0,17.0,20.0,1
398.0,96.0,447.0,220.0,96.0,32.0,3
313.0,8.0,104.0,6.0,4.0,126.0,0
109.0,18.0,16.0,24.0,26.0,18.0,1
216.0,2.0,6.0,0.0,0.0,9.0,1
595.0,71.0,153.0,120.0,112.0,41.0,3
123.0,133.0,142.0,71.0,44.0,88.0,3
16.0,0.0,23.0,3.0,2.0,10.0,1
11.0,12.0,35.0,3.0,5.0,12.0,1
410.0,112.0,420.0,0.0,82.0,71.0,3
159.0,2.0,51.0,6.0,2.0,24.0,1
105.0,0.0,10.0,0.0,1.0,0.0,1
5.0,1.0,8.0,0.0,0.0,1.0,1
269.0,15.0,69.0,15.0,19.0,38.0,1
629.0,0.0,70.0,0.0,0.0,35.0,1
443.0,5.0,71.0,21.0,16.0,82.0,0
217.0,77.0,373.0,111.0,23.0,93.0,3
24.0,1.0,10.0,2.0,0.0,4.0,1
9.0,1.0,5.0,4.0,5.0,7.0,1
8.0,0.0,14.0,2.0,3.0,7.0,1
1459.0,0.0,61.0,0.0,15.0,215.0,0
230.0,48.0,214.0,13.0,32.0,75.0,0
1.0,3.0,6.0,10.0,0.0,9.0,1
340.0,21.0,134.0,258.0,14.0,56.0,3
7.0,1.0,6.0,0.0,3.0,3.0,1
298.0,7.0,68.0,4.0,0.0,19.0,1
479.0,35.0,179.0,28.0,7.0,85.0,0
267.0,140.0,599.0,34.0,12.0,127.0,3
67.0,4.0,32.0,17.0,2.0,16.0,1
3.0,1.0,8.0,23.0,2.0,18.0,1
980.0,37.0,265.0,35.0,163.0,31.0,2
50.0,4.0,28.0,6.0,3.0,26.0,1
1.0,0.0,1725.0,2.0,1.0,1.0,2
19.0,0.0,5.0,0.0,0.0,8.0,1
30.0,5.0,23.0,4.0,1.0,4.0,1
213.0,9.0,76.0,4.0,3.0,30.0,1
539.0,30.0,92.0,80.0,46.0,38.0,2
284.0,16.0,160.0,84.0,16.0,134.0,0
1003.0,34.0,536.0,134.0,51.0,34.0,2
239.0,13.0,143.0,45.0,4.0,52.0,1
51.0,23.0,82.0,33.0,0.0,42.0,1
527.0,24.0,230.0,32.0,24.0,65.0,2
19.0,5.0,12.0,10.0,3.0,19.0,1
40.0,2.0,15.0,8.0,0.0,6.0,1
21.0,8.0,20.0,15.0,3.0,9.0,1
593.0,30.0,91.0,29.0,22.0,7.0,2
21.0,5.0,3.0,10.0,1.0,7.0,1
1181.0,107.0,199.0,39.0,30.0,30.0,2
1004.0,59.0,265.0,115.0,59.0,27.0,2
202.0,2.0,46.0,3.0,2.0,10.0,1
446.0,107.0,768.0,33.0,196.0,53.0,3
1184.0,102.0,673.0,52.0,40.0,40.0,2
390.0,22.0,323.0,104.0,35.0,107.0,0
726.0,53.0,363.0,123.0,107.0,161.0,3
8.0,8.0,22.0,24.0,11.0,9.0,1
50.0,15.0,110.0,39.0,15.0,15.0,1
1.0,1.0,4.0,11.0,9.0,10.0,1
308.0,0.0,73.0,0.0,0.0,23.0,1
22.0,2.0,31.0,7.0,4.0,5.0,1
690.0,117.0,499.0,76.0,102.0,88.0,3
43.0,5.0,28.0,7.0,6.0,33.0,1
27.0,0.0,10.0,0.0,0.0,4.0,1
6.0,0.0,3.0,0.0,0.0,1.0,1
205.0,7.0,41.0,3.0,2.0,46.0,1
24.0,0.0,8.0,0.0,1.0,4.0,1
667.0,50.0,850.0,21.0,83.0,83.0,2
691.0,7.0,61.0,10.0,0.0,46.0,1
493.0,26.0,206.0,116.0,80.0,80.0,3
493.0,70.0,324.0,146.0,40.0,84.0,3
494.0,5.0,82.0,7.0,0.0,100.0,0
621.0,73.0,414.0,78.0,48.0,85.0,2
9.0,0.0,5.0,0.0,0.0,7.0,1
1.0,6.0,2.0,8.0,2.0,12.0,1
12.0,4.0,19.0,12.0,6.0,14.0,1
243.0,131.0,217.0,85.0,6.0,26.0,2
11.0,1.0,4.0,2.0,0.0,7.0,1
532.0,21.0,127.0,26.0,20.0,20.0,2
29.0,0.0,2.0,0.0,0.0,1.0,1
612.0,91.0,520.0,258.0,107.0,107.0,3
387.0,126.0,342.0,0.0,45.0,180.0,0
56.0,0.0,14.0,0.0,0.0,2.0,1
6.0,8.0,19.0,16.0,4.0,4.0,1
582.0,0.0,65.0,0.0,0.0,13.0,1
6.0,17.0,16.0,6.0,16.0,42.0,1
70.0,6.0,69.0,2.0,3.0,3.0,1
962.0,12.0,194.0,16.0,24.0,12.0,2
112.0,10.0,107.0,30.0,0.0,20.0,1
293.0,0.0,124.0,179.0,97.0,52.0,3
199.0,12.0,31.0,3.0,12.0,7.0,1
1060.0,61.0,835.0,80.0,20.0,101.0,2
940.0,44.0,396.0,0.0,88.0,58.0,2
44.0,2.0,11.0,2.0,3.0,7.0,1
342.0,51.0,936.0,207.0,35.0,26.0,3
2.0,10.0,11.0,12.0,9.0,20.0,1
75.0,12.0,141.0,43.0,39.0,187.0,0
520.0,20.0,367.0,39.0,81.0,40.0,2
5.0,3.0,9.0,6.0,2.0,6.0,1
87.0,5.0,71.0,7.0,12.0,29.0,1
462.0,61.0,184.0,10.0,53.0,107.0,0
2.0,2.0,1.0,3.0,1.0,2.0,1
979.0,44.0,935.0,29.0,25.0,22.0,2
704.0,129.0,853.0,120.0,74.0,111.0,3
861.0,31.0,558.0,62.0,95.0,79.0,2
172.0,3.0,115.0,16.0,0.0,18.0,1
5.0,7.0,31.0,15.0,4.0,7.0,1
194.0,2.0,56.0,0.0,0.0,0.0,1
9.0,7.0,13.0,3.0,2.0,20.0,1
505.0,72.0,270.0,36.0,27.0,54.0,2
533.0,10.0,217.0,198.0,174.0,195.0,3
48.0,0.0,14.0,0.0,0.0,6.0,1
6.0,1.0,7.0,23.0,4.0,19.0,1
18.0,2.0,10.0,0.0,0.0,25.0,1
482.0,147.0,509.0,104.0,107.0,107.0,3
204.0,97.0,97.0,21.0,118.0,26.0,3
1073.0,0.0,250.0,153.0,14.0,14.0,2
245.0,16.0,223.0,21.0,43.0,16.0,1
560.0,21.0,442.0,29.0,44.0,29.0,2
173.0,13.0,131.0,32.0,3.0,6.0,1
22.0,1.0,11.0,0.0,5.0,3.0,1
136.0,1.0,12.0,0.0,3.0,32.0,1
275.0,0.0,86.0,10.0,23.0,66.0,1
56.0,19.0,29.0,2.0,14.0,25.0,1
303.0,23.0,751.0,82.0,26.0,191.0,0
708.0,7.0,62.0,0.0,0.0,15.0,1
324.0,132.0,693.0,27.0,118.0,88.0,3
1.0,5.0,3.0,7.0,4.0,8.0,1
620.0,26.0,195.0,34.0,17.0,141.0,0
312.0,21.0,206.0,102.0,92.0,149.0,0
1493.0,86.0,454.0,112.0,43.0,43.0,2
918.0,21.0,118.0,13.0,10.0,21.0,2
98.0,0.0,106.0,49.0,10.0,106.0,0
3.0,4.0,7.0,15.0,8.0,11.0,1
380.0,0.0,47.0,6.0,0.0,34.0,1
15.0,0.0,12.0,7.0,3.0,7.0,1
3.0,9.0,4.0,7.0,8.0,7.0,1
24.0,2.0,23.0,0.0,8.0,24.0,1
80.0,1.0,60.0,4.0,6.0,16.0,1
31.0,0.0,6.0,2.0,1.0,5.0,1
138.0,120.0,204.0,16.0,126.0,60.0,3
166.0,75.0,96.0,119.0,107.0,59.0,3
12.0,3.0,8.0,8.0,0.0,17.0,1
178.0,3.0,85.0,71.0,66.0,58.0,1
707.0,20.0,171.0,65.0,60.0,50.0,2
5.0,1.0,7.0,17.0,14.0,11.0,1
465.0,71.0,250.0,93.0,35.0,62.0,2
16.0,1.0,2.0,0.0,0.0,1.0,1
358.0,108.0,413.0,141.0,97.0,32.0,3
1.0,9.0,7.0,2.0,14.0,10.0,1
123.0,1.0,26.0,2.0,0.0,72.0,1
40.0,3.0,30.0,10.0,7.0,11.0,1
102.0,9.0,63.0,2.0,9.0,24.0,1
347.0,44.0,534.0,17.0,0.0,26.0,2
376.0,53.0,462.0,168.0,53.0,53.0,3
21.0,0.0,3.0,0.0,0.0,0.0,1
194.0,2.0,56.0,0.0,0.0,0.0,1
64.0,4.0,68.0,7.0,5.0,17.0,1
206.0,0.0,46.0,3.0,2.0,12.0,1
71.0,0.0,18.0,0.0,0.0,13.0,1
71.0,22.0,112.0,138.0,89.0,29.0,3
0.0,4.0,7.0,11.0,10.0,15.0,1
93.0,1.0,21.0,0.0,4.0,25.0,1
920.0,138.0,168.0,36.0,46.0,30.0,2
653.0,17.0,170.0,34.0,26.0,17.0,2
199.0,33.0,60.0,8.0,3.0,15.0,1
153.0,4.0,56.0,0.0,9.0,31.0,1
376.0,0.0,38.0,11.0,8.0,69.0,1
46.0,0.0,30.0,12.0,1.0,30.0,1
600.0,21.0,128.0,223.0,150.0,128.0,3
425.0,115.0,292.0,23.0,35.0,79.0,2
18.0,6.0,15.0,12.0,8.0,17.0,1
52.0,0.0,9.0,0.0,0.0,1.0,1
734.0,22.0,350.0,151.0,25.0,100.0,2
34.0,6.0,21.0,11.0,4.0,8.0,1
135.0,1.0,41.0,10.0,1.0,67.0,1
11.0,0.0,10.0,0.0,2.0,20.0,1
163.0,48.0,90.0,0.0,45.0,52.0,1
29.0,3.0,30.0,3.0,2.0,9.0,1
734.0,26.0,70.0,11.0,44.0,17.0,2
340.0,21.0,134.0,258.0,14.0,56.0,3
453.0,38.0,279.0,188.0,38.0,183.0,3
1073.0,0.0,629.0,145.0,37.0,37.0,2
135.0,0.0,10.0,0.0,4.0,36.0,1
231.0,7.0,137.0,4.0,15.0,39.0,1
18.0,0.0,5.0,0.0,0.0,11.0,1
620.0,16.0,165.0,0.0,24.0,82.0,0
81.0,4.0,33.0,5.0,2.0,291.0,0
12.0,4.0,2.0,10.0,6.0,10.0,1
292.0,51.0,981.0,224.0,23.0,17.0,3
965.0,34.0,586.0,89.0,86.0,37.0,2
27.0,2.0,10.0,0.0,0.0,1.0,1
777.0,30.0,163.0,0.0,51.0,122.0,0
572.0,8.0,232.0,23.0,62.0,17.0,2
438.0,169.0,565.0,91.0,169.0,70.0,3
531.0,69.0,300.0,150.0,138.0,150.0,3
17.0,0.0,9.0,0.0,0.0,1.0,1
402.0,35.0,106.0,101.0,77.0,42.0,2
503.0,27.0,419.0,90.0,139.0,153.0,3
369.0,9.0,87.0,12.0,14.0,34.0,1
5.0,0.0,3.0,0.0,0.0,1.0,1
362.0,17.0,398.0,80.0,35.0,61.0,2
56.0,0.0,9.0,0.0,0.0,3.0,1
79.0,1.0,31.0,4.0,4.0,12.0,1
387.0,84.0,141.0,73.0,35.0,162.0,0
367.0,17.0,241.0,104.0,188.0,232.0,3
15.0,0.0,11.0,0.0,2.0,9.0,1
267.0,6.0,54.0,8.0,3.0,50.0,1
298.0,27.0,697.0,216.0,24.0,166.0,3
674.0,92.0,736.0,39.0,0.0,92.0,2
16.0,14.0,36.0,37.0,22.0,48.0,1
37.0,4.0,24.0,16.0,9.0,9.0,1
159.0,0.0,22.0,2.0,1.0,31.0,1
686.0,17.0,142.0,23.0,26.0,35.0,2
97.0,3.0,66.0,12.0,7.0,34.0,1
63.0,6.0,57.0,13.0,13.0,22.0,1
56.0,5.0,24.0,4.0,0.0,3.0,1
209.0,19.0,456.0,160.0,142.0,66.0,3
198.0,2.0,43.0,0.0,12.0,20.0,1
313.0,15.0,47.0,20.0,0.0,192.0,0
941.0,14.0,397.0,76.0,58.0,176.0,0
86.0,4.0,56.0,2.0,4.0,7.0,1
167.0,48.0,602.0,63.0,72.0,72.0,3
8.0,3.0,19.0,0.0,2.0,3.0,1
389.0,66.0,408.0,37.0,57.0,85.0,2
239.0,7.0,119.0,4.0,15.0,11.0,1
179.0,21.0,273.0,0.0,21.0,63.0,1
5.0,0.0,1.0,1.0,1.0,1.0,1
2.0,6.0,28.0,13.0,4.0,16.0,1
383.0,0.0,53.0,6.0,4.0,40.0,1
2.0,8.0,8.0,6.0,1.0,9.0,1
536.0,27.0,590.0,38.0,107.0,67.0,2
2.0,1.0,4.0,3.0,1.0,2.0,1
322.0,53.0,899.0,34.0,40.0,53.0,2
539.0,169.0,816.0,20.0,0.0,30.0,2
712.0,50.0,420.0,65.0,38.0,38.0,2
1121.0,0.0,72.0,0.0,12.0,12.0,2
68.0,1.0,13.0,3.0,5.0,13.0,1
36.0,4.0,18.0,6.0,2.0,18.0,1
707.0,44.0,603.0,95.0,58.0,29.0,2
174.0,77.0,203.0,6.0,24.0,97.0,0
666.0,35.0,124.0,69.0,8.0,26.0,2
0.0,0.0,0.0,6.0,2.0,6.0,1
162.0,50.0,100.0,55.0,30.0,27.0,1
407.0,70.0,239.0,103.0,88.0,53.0,3
823.0,25.0,459.0,124.0,29.0,95.0,2
488.0,23.0,71.0,15.0,0.0,59.0,1
28.0,0.0,13.0,4.0,2.0,8.0,1
3.0,2.0,10.0,3.0,0.0,2.0,1
284.0,0.0,52.0,8.0,3.0,20.0,1
938.0,142.0,754.0,159.0,81.0,183.0,3
13.0,2.0,15.0,2.0,2.0,8.0,1
412.0,172.0,153.0,150.0,105.0,57.0,3
31.0,1.0,8.0,0.0,0.0,8.0,1
502.0,19.0,132.0,0.0,6.0,26.0,1
18.0,10.0,3.0,3.0,5.0,0.0,1
1.0,8.0,6.0,4.0,8.0,16.0,1
100.0,71.0,243.0,108.0,94.0,219.0,3
407.0,114.0,445.0,181.0,165.0,203.0,3
664.0,9.0,240.0,50.0,19.0,57.0,2
1045.0,61.0,338.0,60.0,46.0,46.0,2
1218.0,107.0,304.0,23.0,143.0,33.0,3
15.0,0.0,6.0,0.0,1.0,12.0,1
128.0,0.0,16.0,0.0,1.0,4.0,1
581.0,49.0,157.0,43.0,8.0,108.0,0
6.0,3.0,12.0,6.0,1.0,0.0,1
185.0,8.0,133.0,56.0,56.0,12.0,1
22.0,1.0,9.0,0.0,0.0,14.0,1
584.0,100.0,835.0,65.0,83.0,35.0,3
355.0,30.0,177.0,90.0,138.0,30.0,3
175.0,10.0,110.0,54.0,6.0,27.0,1
864.0,134.0,768.0,150.0,38.0,172.0,3
957.0,153.0,612.0,99.0,95.0,153.0,3
25.0,6.0,16.0,20.0,0.0,5.0,1
641.0,7.0,56.0,0.0,0.0,28.0,1
273.0,86.0,208.0,177.0,14.0,43.0,3
122.0,21.0,43.0,25.0,10.0,15.0,1
1.0,4.0,10.0,29.0,0.0,36.0,1
1020.0,31.0,430.0,62.0,63.0,79.0,2
6.0,2.0,3.0,1.0,262.0,3.0,3
378.0,14.0,68.0,19.0,14.0,14.0,1
42.0,1.0,18.0,3.0,0.0,4.0,1
15.0,5.0,14.0,0.0,4.0,11.0,1
272.0,7.0,80.0,20.0,7.0,11.0,1
9.0,1.0,24.0,2.0,1.0,2.0,1
279.0,0.0,18.0,0.0,0.0,9.0,1
398.0,61.0,265.0,138.0,61.0,53.0,3
637.0,47.0,237.0,12.0,19.0,76.0,2
45.0,0.0,16.0,2.0,1.0,6.0,1
21.0,1.0,9.0,7.0,3.0,5.0,1
15.0,4.0,13.0,0.0,0.0,19.0,1
493.0,183.0,352.0,184.0,23.0,28.0,3
957.0,40.0,175.0,158.0,53.0,107.0,3
829.0,138.0,430.0,60.0,92.0,15.0,3
1017.0,50.0,500.0,65.0,50.0,133.0,2
953.0,0.0,71.0,0.0,0.0,174.0,0
159.0,0.0,120.0,0.0,0.0,137.0,0
32.0,0.0,8.0,23.0,4.0,18.0,1
23.0,0.0,15.0,0.0,2.0,7.0,1
18.0,42.0,24.0,15.0,20.0,18.0,1
15.0,0.0,4.0,0.0,0.0,2.0,1
23.0,4.0,5.0,10.0,5.0,23.0,1
200.0,193.0,100.0,46.0,185.0,185.0,3
1324.0,27.0,119.0,71.0,108.0,27.0,2
1193.0,33.0,281.0,129.0,66.0,33.0,2
505.0,137.0,401.0,104.0,22.0,22.0,3
2.0,4.0,9.0,0.0,4.0,5.0,1
1103.0,0.0,45.0,0.0,0.0,34.0,2
353.0,61.0,753.0,40.0,46.0,27.0,2
652.0,48.0,350.0,94.0,84.0,108.0,3
379.0,6.0,157.0,25.0,91.0,91.0,0
46.0,4.0,36.0,2.0,2.0,1.0,1
162.0,31.0,127.0,8.0,17.0,69.0,1
8.0,3.0,19.0,3.0,3.0,8.0,1
17.0,3.0,18.0,3.0,4.0,18.0,1
340.0,108.0,185.0,130.0,38.0,100.0,3
8.0,4.0,15.0,3.0,5.0,3.0,1
154.0,22.0,202.0,39.0,30.0,8.0,1
710.0,15.0,30.0,20.0,0.0,0.0,1
8.0,2.0,4.0,0.0,0.0,1.0,1
2.0,2.0,4.0,13.0,13.0,4.0,1
1050.0,14.0,322.0,0.0,14.0,112.0,0
19.0,1.0,14.0,3.0,2.0,4.0,1
22.0,0.0,6.0,6.0,2.0,6.0,1
274.0,83.0,216.0,151.0,141.0,224.0,3
68.0,6.0,38.0,3.0,6.0,41.0,1
344.0,45.0,654.0,104.0,11.0,114.0,2
145.0,193.0,459.0,205.0,26.0,145.0,3
217.0,38.0,350.0,111.0,85.0,15.0,3
18.0,7.0,34.0,10.0,2.0,3.0,1
69.0,8.0,26.0,12.0,7.0,12.0,1
144.0,0.0,7.0,0.0,0.0,6.0,1
256.0,34.0,103.0,90.0,29.0,49.0,1
483.0,72.0,567.0,94.0,12.0,108.0,2
1285.0,105.0,653.0,28.0,21.0,0.0,2
338.0,4.0,89.0,11.0,8.0,13.0,1
605.0,10.0,345.0,84.0,54.0,32.0,2
8.0,0.0,7.0,3.0,1.0,1.0,1
172.0,41.0,86.0,45.0,6.0,27.0,1
448.0,71.0,951.0,40.0,17.0,17.0,2
67.0,4.0,32.0,17.0,2.0,16.0,1
512.0,53.0,98.0,81.0,179.0,89.0,3
1462.0,16.0,128.0,0.0,0.0,160.0,0
20.0,0.0,14.0,7.0,3.0,1.0,1
50.0,4.0,44.0,10.0,10.0,43.0,1
102.0,1.0,15.0,2.0,0.0,24.0,1
499.0,149.0,815.0,173.0,49.0,49.0,3
381.0,35.0,172.0,56.0,86.0,93.0,0
631.0,43.0,239.0,128.0,76.0,21.0,2
526.0,80.0,553.0,123.0,94.0,53.0,3
913.0,26.0,376.0,17.0,26.0,13.0,2
673.0,0.0,199.0,37.0,47.0,26.0,2
23.0,0.0,9.0,0.0,0.0,12.0,1
199.0,33.0,60.0,8.0,3.0,15.0,1
261.0,23.0,73.0,4.0,23.0,50.0,1
111.0,16.0,37.0,7.0,9.0,18.0,1
16.0,4.0,12.0,2.0,4.0,321.0,0
63.0,151.0,137.0,153.0,19.0,53.0,3
58.0,0.0,18.0,2.0,0.0,10.0,1
29.0,1.0,17.0,0.0,3.0,13.0,1
3.0,2.0,12.0,0.0,1.0,9.0,1
28.0,34.0,62.0,11.0,14.0,44.0,1
40.0,3.0,30.0,10.0,7.0,11.0,1
879.0,143.0,797.0,106.0,143.0,143.0,3
62.0,1.0,44.0,6.0,5.0,22.0,1
280.0,7.0,81.0,20.0,0.0,27.0,1
9.0,0.0,6.0,3.0,1.0,3.0,1
182.0,4.0,33.0,0.0,2.0,42.0,1
83.0,2.0,101.0,64.0,26.0,117.0,0
38.0,15.0,54.0,3.0,8.0,29.0,1
228.0,19.0,130.0,4.0,11.0,51.0,1
1092.0,37.0,592.0,145.0,37.0,55.0,2
85.0,15.0,27.0,13.0,13.0,21.0,1
1276.0,24.0,746.0,94.0,29.0,48.0,2
1017.0,33.0,417.0,108.0,100.0,16.0,2
6.0,2.0,9.0,2.0,1.0,5.0,1
448.0,21.0,125.0,52.0,101.0,62.0,2
504.0,23.0,117.0,179.0,28.0,44.0,2
226.0,22.0,133.0,41.0,31.0,31.0,1
239.0,3.0,141.0,0.0,7.0,23.0,1
90.0,38.0,67.0,33.0,36.0,67.0,1
7.0,2.0,8.0,3.0,2.0,3.0,1
4.0,2.0,5.0,2.0,0.0,0.0,1
16.0,17.0,19.0,20.0,21.0,22.0,1
10.0,3.0,3.0,0.0,0.0,0.0,1
68.0,0.0,16.0,0.0,0.0,8.0,1
35.0,0.0,13.0,2.0,0.0,2.0,1
575.0,80.0,428.0,208.0,93.0,80.0,3
315.0,0.0,31.0,4.0,0.0,91.0,1
182.0,2.0,49.0,17.0,13.0,20.0,1
561.0,14.0,113.0,10.0,14.0,35.0,1
587.0,51.0,932.0,180.0,34.0,86.0,3
94.0,1.0,33.0,13.0,12.0,12.0,1
908.0,43.0,735.0,40.0,194.0,21.0,3
228.0,122.0,122.0,208.0,129.0,30.0,3
995.0,112.0,417.0,42.0,48.0,41.0,2
11.0,1.0,2.0,2.0,1.0,6.0,1
3.0,3.0,14.0,15.0,21.0,10.0,1
12.0,1.0,16.0,4.0,1.0,3.0,1
17.0,0.0,2.0,0.0,0.0,2.0,1
8.0,0.0,5.0,0.0,3.0,6.0,1
22.0,4.0,17.0,12.0,10.0,13.0,1
14.0,10.0,29.0,4.0,7.0,15.0,1
106.0,27.0,68.0,52.0,7.0,5.0,1
820.0,57.0,242.0,45.0,0.0,11.0,2
753.0,43.0,226.0,69.0,10.0,204.0,0
13.0,3.0,17.0,7.0,3.0,3.0,1
9.0,1.0,3.0,0.0,4.0,8.0,1
19.0,3.0,6.0,4.0,2.0,12.0,1
520.0,8.0,223.0,32.0,49.0,42.0,2
5.0,17.0,17.0,13.0,14.0,34.0,1
618.0,44.0,215.0,0.0,17.0,36.0,2
315.0,35.0,322.0,46.0,7.0,143.0,0
15.0,1.0,23.0,0.0,5.0,1.0,1
384.0,60.0,364.0,119.0,101.0,232.0,3
110.0,29.0,92.0,28.0,10.0,145.0,0
208.0,17.0,76.0,36.0,17.0,38.0,1
555.0,82.0,257.0,93.0,61.0,61.0,3
240.0,90.0,216.0,63.0,6.0,24.0,2
11.0,0.0,36.0,15.0,5.0,12.0,1
848.0,154.0,323.0,201.0,61.0,78.0,3
202.0,47.0,197.0,55.0,42.0,149.0,0
433.0,89.0,650.0,16.0,102.0,102.0,3
6.0,6.0,15.0,10.0,5.0,2.0,1
37.0,0.0,7.0,3.0,0.0,3.0,1
167.0,37.0,64.0,49.0,34.0,116.0,0
45.0,7.0,99.0,4.0,25.0,43.0,1
129.0,0.0,21.0,0.0,1.0,7.0,1
713.0,0.0,264.0,120.0,80.0,34.0,2
676.0,161.0,426.0,210.0,44.0,58.0,3
450.0,26.0,535.0,73.0,98.0,26.0,2
22.0,2.0,12.0,0.0,2.0,5.0,1
367.0,4.0,51.0,6.0,4.0,95.0,0
526.0,35.0,214.0,69.0,53.0,35.0,2
51.0,0.0,16.0,0.0,0.0,4.0,1
25.0,0.0,11.0,3.0,0.0,15.0,1
28.0,6.0,27.0,12.0,17.0,39.0,1
958.0,159.0,447.0,20.0,0.0,31.0,2
532.0,88.0,168.0,69.0,44.0,133.0,0
724.0,17.0,143.0,0.0,8.0,196.0,0
39.0,0.0,56.0,20.0,8.0,14.0,1
587.0,54.0,348.0,71.0,54.0,130.0,0
29.0,1.0,11.0,0.0,0.0,0.0,1
757.0,80.0,217.0,29.0,80.0,11.0,2
544.0,35.0,133.0,23.0,151.0,107.0,3
40.0,15.0,15.0,17.0,6.0,7.0,1
1245.0,33.0,332.0,21.0,33.0,16.0,2
19.0,1.0,20.0,16.0,14.0,28.0,1
16.0,3.0,15.0,2.0,1.0,11.0,1
376.0,4.0,94.0,12.0,9.0,24.0,1
184.0,178.0,178.0,103.0,39.0,33.0,3
15.0,0.0,11.0,0.0,2.0,9.0,1
124.0,83.0,267.0,85.0,59.0,35.0,3
627.0,120.0,414.0,121.0,80.0,93.0,3
180.0,60.0,241.0,13.0,54.0,54.0,2
14.0,0.0,4.0,0.0,0.0,8.0,1
3.0,3.0,24.0,34.0,7.0,31.0,1
293.0,6.0,23.0,13.0,6.0,92.0,0
656.0,38.0,161.0,62.0,47.0,37.0,2
196.0,25.0,607.0,67.0,17.0,49.0,2
835.0,73.0,380.0,114.0,73.0,43.0,3
16.0,11.0,15.0,2.0,0.0,12.0,1
9.0,1.0,5.0,2.0,1.0,4.0,1
229.0,7.0,140.0,10.0,3.0,11.0,1
0.0,1.0,4.0,15.0,1.0,5.0,1
121.0,24.0,124.0,24.0,15.0,42.0,1
471.0,102.0,125.0,212.0,61.0,245.0,3
520.0,8.0,223.0,32.0,49.0,42.0,2
26.0,1.0,10.0,2.0,0.0,1.0,1
240.0,132.0,445.0,250.0,192.0,108.0,3
178.0,4.0,26.0,8.0,4.0,44.0,1
1486.0,55.0,278.0,49.0,0.0,185.0,0
1115.0,12.0,128.0,33.0,12.0,76.0,2
29.0,0.0,8.0,2.0,0.0,6.0,1
934.0,24.0,230.0,16.0,24.0,36.0,2
4.0,12.0,5.0,3.0,16.0,17.0,1
62.0,1.0,44.0,6.0,5.0,22.0,1
173.0,2.0,39.0,3.0,2.0,47.0,1
830.0,59.0,968.0,51.0,79.0,19.0,2
189.0,10.0,253.0,56.0,43.0,64.0,1
728.0,17.0,133.0,11.0,8.0,124.0,0
7.0,2.0,9.0,2.0,0.0,2.0,1
35.0,4.0,17.0,7.0,6.0,64.0,1
188.0,3.0,180.0,20.0,3.0,43.0,1
742.0,28.0,152.0,25.0,9.0,57.0,2
0.0,7.0,5.0,26.0,2.0,17.0,1
750.0,71.0,174.0,13.0,10.0,20.0,2
816.0,42.0,450.0,55.0,56.0,154.0,0
5.0,2.0,8.0,2.0,2.0,9.0,1
37.0,5.0,56.0,12.0,8.0,5.0,1
4.0,0.0,4.0,0.0,0.0,5.0,1
99.0,2.0,11.0,4.0,0.0,16.0,1
176.0,72.0,98.0,136.0,21.0,229.0,0
54.0,0.0,10.0,0.0,0.0,2.0,1
997.0,15.0,414.0,99.0,30.0,76.0,2
356.0,0.0,107.0,19.0,9.0,117.0,0
1311.0,0.0,359.0,46.0,89.0,17.0,2
890.0,63.0,292.0,0.0,25.0,12.0,2
4.0,0.0,2.0,0.0,0.0,2.0,1
17.0,0.0,14.0,7.0,3.0,2.0,1
960.0,0.0,883.0,50.0,38.0,0.0,2
2.0,1.0,2.0,1.0,1.0,1.0,1
1.0,3.0,2.0,20.0,30.0,47.0,1
240.0,67.0,500.0,199.0,0.0,163.0,3
301.0,11.0,61.0,4.0,7.0,11.0,1
154.0,0.0,50.0,6.0,11.0,37.0,1
2.0,3.0,6.0,4.0,1.0,9.0,1
104.0,12.0,48.0,4.0,12.0,5.0,1
70.0,3.0,37.0,4.0,2.0,64.0,1
2.0,0.0,9.0,3.0,6.0,2.0,1
23.0,2.0,11.0,3.0,1.0,4.0,1
43.0,4.0,12.0,8.0,0.0,27.0,1
4.0,24.0,11.0,16.0,1.0,25.0,1
654.0,7.0,92.0,0.0,15.0,30.0,1
912.0,72.0,170.0,47.0,36.0,97.0,2
25.0,0.0,8.0,0.0,1.0,4.0,1
24.0,4.0,22.0,0.0,2.0,9.0,1
141.0,11.0,114.0,15.0,14.0,5.0,1
71.0,0.0,13.0,3.0,1.0,0.0,1
35.0,1.0,16.0,0.0,1.0,1.0,1
496.0,32.0,849.0,229.0,48.0,128.0,3
9.0,9.0,11.0,13.0,10.0,16.0,1
154.0,0.0,50.0,6.0,11.0,37.0,1
9.0,1.0,5.0,4.0,5.0,7.0,1
26.0,3.0,23.0,4.0,7.0,3.0,1
77.0,8.0,44.0,10.0,10.0,25.0,1
11.0,2.0,7.0,4.0,2.0,2.0,1
576.0,7.0,115.0,19.0,7.0,7.0,1
89.0,15.0,89.0,34.0,42.0,5.0,1
1013.0,30.0,399.0,60.0,46.0,153.0,0
224.0,12.0,48.0,4.0,12.0,12.0,1
200.0,19.0,111.0,50.0,15.0,19.0,1
570.0,73.0,614.0,133.0,102.0,73.0,3
1.0,3.0,3.0,8.0,1.0,13.0,1
62.0,1.0,20.0,4.0,0.0,7.0,1
531.0,69.0,300.0,150.0,138.0,150.0,3
162.0,28.0,818.0,0.0,28.0,56.0,2
675.0,144.0,133.0,94.0,192.0,241.0,3
23.0,4.0,10.0,0.0,2.0,15.0,1
492.0,5.0,32.0,13.0,5.0,21.0,1
918.0,10.0,129.0,13.0,0.0,129.0,0
224.0,155.0,155.0,192.0,93.0,54.0,3
572.0,19.0,286.0,50.0,38.0,248.0,0
626.0,0.0,70.0,0.0,7.0,28.0,1
1074.0,37.0,518.0,193.0,92.0,129.0,3
741.0,68.0,689.0,224.0,68.0,103.0,3
322.0,3.0,50.0,4.0,3.0,42.0,1
254.0,10.0,44.0,30.0,10.0,227.0,0
116.0,6.0,82.0,6.0,6.0,41.0,1
22.0,2.0,18.0,0.0,2.0,12.0,1
516.0,0.0,21.0,0.0,0.0,5.0,1
14.0,36.0,11.0,3.0,26.0,35.0,1
2.0,8.0,10.0,12.0,14.0,23.0,1
28.0,0.0,9.0,3.0,0.0,0.0,1
530.0,142.0,217.0,62.0,9.0,56.0,2
519.0,50.0,167.0,130.0,0.0,41.0,2
611.0,76.0,749.0,59.0,45.0,26.0,2
240.0,67.0,500.0,199.0,0.0,163.0,3
4.0,9.0,12.0,11.0,2.0,8.0,1
671.0,47.0,655.0,145.0,111.0,15.0,3
23.0,1.0,7.0,0.0,4.0,24.0,1
9.0,1.0,2.0,3.0,2.0,0.0,1
556.0,54.0,845.0,202.0,133.0,63.0,3
833.0,80.0,363.0,52.0,26.0,174.0,0
12.0,0.0,13.0,4.0,2.0,4.0,1
56.0,7.0,48.0,10.0,2.0,18.0,1
293.0,8.0,124.0,11.0,4.0,106.0,0
297.0,0.0,38.0,13.0,0.0,152.0,0
39.0,1.0,16.0,2.0,0.0,3.0,1
5.0,11.0,16.0,21.0,8.0,45.0,1
266.0,21.0,300.0,65.0,8.0,44.0,2
322.0,3.0,50.0,4.0,3.0,42.0,1
366.0,124.0,156.0,71.0,78.0,54.0,3
32.0,0.0,8.0,23.0,4.0,18.0,1
158.0,0.0,23.0,0.0,0.0,18.0,1
269.0,129.0,495.0,182.0,43.0,29.0,3
41.0,0.0,10.0,0.0,0.0,3.0,1
3.0,3.0,3.0,15.0,4.0,15.0,1
33.0,0.0,5.0,0.0,0.0,15.0,1
302.0,29.0,131.0,32.0,0.0,27.0,1
519.0,71.0,860.0,93.0,27.0,53.0,2
23.0,2.0,17.0,2.0,1.0,0.0,1
594.0,51.0,631.0,72.0,55.0,32.0,2
12.0,4.0,7.0,1.0,3.0,5.0,1
4.0,2.0,5.0,0.0,0.0,5.0,1
18.0,3.0,19.0,3.0,3.0,6.0,1
332.0,194.0,377.0,149.0,125.0,57.0,3
5.0,1.0,8.0,0.0,0.0,1.0,1
171.0,3.0,129.0,26.0,24.0,62.0,1
270.0,31.0,88.0,11.0,48.0,22.0,1
712.0,26.0,538.0,69.0,13.0,80.0,2
2.0,8.0,11.0,3.0,8.0,21.0,1
21.0,12.0,12.0,0.0,3.0,3.0,1
580.0,6.0,58.0,8.0,0.0,27.0,1
368.0,24.0,68.0,38.0,0.0,88.0,0
457.0,5.0,106.0,15.0,17.0,53.0,1
229.0,7.0,137.0,4.0,0.0,91.0,1
3.0,2.0,8.0,20.0,0.0,17.0,1
24.0,3.0,26.0,7.0,1.0,23.0,1
853.0,10.0,143.0,13.0,10.0,20.0,2
5.0,1.0,6.0,3.0,4.0,3.0,1
9.0,14.0,18.0,8.0,1.0,12.0,1
3.0,3.0,7.0,6.0,2.0,9.0,1
709.0,43.0,182.0,42.0,118.0,247.0,0
406.0,0.0,30.0,0.0,0.0,8.0,1
908.0,48.0,217.0,32.0,12.0,24.0,2
428.0,30.0,214.0,80.0,30.0,61.0,2
84.0,3.0,61.0,2.0,1.0,21.0,1
